objectid,folderid,customerkey,name,description,issendable,istestable,createddate,modifieddate,jobid,batchid,eventdate,subscriberid,accountid,listid,domain,subscriberkey,time
c55e2345-8de1-e811-a2d2-1402ec94baa0,25963,25117FB9-4852-4136-900F-2311B2A1EA4F,scott_test_open,"",0,0,2018-11-06T00:29:11,2018-11-06T14:58:05,85554,0,8/10/2018 1:38:17 AM,94150217,7204042,65732,treasure-data.com,59ec6c68-33f0-435a-bca8-04404c5c2d65,1541545120
c55e2345-8de1-e811-a2d2-1402ec94baa0,25963,25117FB9-4852-4136-900F-2311B2A1EA4F,scott_test_open,"",0,0,2018-11-06T00:29:11,2018-11-06T14:58:05,85554,0,8/10/2018 1:38:31 AM,94150217,7204042,65732,treasure-data.com,59ec6c68-33f0-435a-bca8-04404c5c2d65,1541545120
c55e2345-8de1-e811-a2d2-1402ec94baa0,25963,25117FB9-4852-4136-900F-2311B2A1EA4F,scott_test_open,"",0,0,2018-11-06T00:29:11,2018-11-06T14:58:05,85554,0,8/10/2018 1:40:14 AM,94150217,7204042,65732,treasure-data.com,59ec6c68-33f0-435a-bca8-04404c5c2d65,1541545120
c55e2345-8de1-e811-a2d2-1402ec94baa0,25963,25117FB9-4852-4136-900F-2311B2A1EA4F,scott_test_open,"",0,0,2018-11-06T00:29:11,2018-11-06T14:58:05,85554,0,8/10/2018 9:06:06 AM,94150217,7204042,65732,treasure-data.com,59ec6c68-33f0-435a-bca8-04404c5c2d65,1541545120
c55e2345-8de1-e811-a2d2-1402ec94baa0,25963,25117FB9-4852-4136-900F-2311B2A1EA4F,scott_test_open,"",0,0,2018-11-06T00:29:11,2018-11-06T14:58:05,85601,0,8/10/2018 2:35:10 PM,94150217,7204042,65732,treasure-data.com,59ec6c68-33f0-435a-bca8-04404c5c2d65,1541545120
c55e2345-8de1-e811-a2d2-1402ec94baa0,25963,25117FB9-4852-4136-900F-2311B2A1EA4F,scott_test_open,"",0,0,2018-11-06T00:29:11,2018-11-06T14:58:05,85608,0,8/10/2018 2:35:26 PM,94150217,7204042,65732,treasure-data.com,59ec6c68-33f0-435a-bca8-04404c5c2d65,1541545120
c55e2345-8de1-e811-a2d2-1402ec94baa0,25963,25117FB9-4852-4136-900F-2311B2A1EA4F,scott_test_open,"",0,0,2018-11-06T00:29:11,2018-11-06T14:58:05,88225,0,9/11/2018 3:23:49 PM,94150217,7204042,65732,treasure-data.com,59ec6c68-33f0-435a-bca8-04404c5c2d65,1541545120
c55e2345-8de1-e811-a2d2-1402ec94baa0,25963,25117FB9-4852-4136-900F-2311B2A1EA4F,scott_test_open,"",0,0,2018-11-06T00:29:11,2018-11-06T14:58:05,88245,0,9/11/2018 8:36:12 PM,94150217,7204042,65732,treasure-data.com,59ec6c68-33f0-435a-bca8-04404c5c2d65,1541545120
c55e2345-8de1-e811-a2d2-1402ec94baa0,25963,25117FB9-4852-4136-900F-2311B2A1EA4F,scott_test_open,"",0,0,2018-11-06T00:29:11,2018-11-06T14:58:05,88284,0,9/12/2018 5:18:02 AM,94150217,7204042,69184,treasure-data.com,59ec6c68-33f0-435a-bca8-04404c5c2d65,1541545120
c55e2345-8de1-e811-a2d2-1402ec94baa0,25963,25117FB9-4852-4136-900F-2311B2A1EA4F,scott_test_open,"",0,0,2018-11-06T00:29:11,2018-11-06T14:58:05,88284,0,9/12/2018 5:18:11 AM,94150217,7204042,69184,treasure-data.com,59ec6c68-33f0-435a-bca8-04404c5c2d65,1541545120
c55e2345-8de1-e811-a2d2-1402ec94baa0,25963,25117FB9-4852-4136-900F-2311B2A1EA4F,scott_test_open,"",0,0,2018-11-06T00:29:11,2018-11-06T14:58:05,88289,0,9/12/2018 6:28:19 AM,94150217,7204042,69184,treasure-data.com,59ec6c68-33f0-435a-bca8-04404c5c2d65,1541545120
c55e2345-8de1-e811-a2d2-1402ec94baa0,25963,25117FB9-4852-4136-900F-2311B2A1EA4F,scott_test_open,"",0,0,2018-11-06T00:29:11,2018-11-06T14:58:05,88289,0,9/12/2018 6:28:31 AM,94150217,7204042,69184,treasure-data.com,59ec6c68-33f0-435a-bca8-04404c5c2d65,1541545120
c55e2345-8de1-e811-a2d2-1402ec94baa0,25963,25117FB9-4852-4136-900F-2311B2A1EA4F,scott_test_open,"",0,0,2018-11-06T00:29:11,2018-11-06T14:58:05,88312,0,9/12/2018 2:41:04 PM,94150217,7204042,65732,treasure-data.com,59ec6c68-33f0-435a-bca8-04404c5c2d65,1541545120
c55e2345-8de1-e811-a2d2-1402ec94baa0,25963,25117FB9-4852-4136-900F-2311B2A1EA4F,scott_test_open,"",0,0,2018-11-06T00:29:11,2018-11-06T14:58:05,88318,0,9/12/2018 2:41:24 PM,94150217,7204042,65732,treasure-data.com,59ec6c68-33f0-435a-bca8-04404c5c2d65,1541545120
c55e2345-8de1-e811-a2d2-1402ec94baa0,25963,25117FB9-4852-4136-900F-2311B2A1EA4F,scott_test_open,"",0,0,2018-11-06T00:29:11,2018-11-06T14:58:05,91032,0,10/4/2018 9:13:14 PM,94150217,7204042,65732,treasure-data.com,59ec6c68-33f0-435a-bca8-04404c5c2d65,1541545120
c55e2345-8de1-e811-a2d2-1402ec94baa0,25963,25117FB9-4852-4136-900F-2311B2A1EA4F,scott_test_open,"",0,0,2018-11-06T00:29:11,2018-11-06T14:58:05,91032,0,10/4/2018 9:13:17 PM,94150217,7204042,65732,treasure-data.com,59ec6c68-33f0-435a-bca8-04404c5c2d65,1541545120
c55e2345-8de1-e811-a2d2-1402ec94baa0,25963,25117FB9-4852-4136-900F-2311B2A1EA4F,scott_test_open,"",0,0,2018-11-06T00:29:11,2018-11-06T14:58:05,91032,0,10/4/2018 9:13:17 PM,94150217,7204042,65732,treasure-data.com,59ec6c68-33f0-435a-bca8-04404c5c2d65,1541545120
c55e2345-8de1-e811-a2d2-1402ec94baa0,25963,25117FB9-4852-4136-900F-2311B2A1EA4F,scott_test_open,"",0,0,2018-11-06T00:29:11,2018-11-06T14:58:05,91109,0,10/5/2018 1:36:52 PM,94150217,7204042,65732,treasure-data.com,59ec6c68-33f0-435a-bca8-04404c5c2d65,1541545120
c55e2345-8de1-e811-a2d2-1402ec94baa0,25963,25117FB9-4852-4136-900F-2311B2A1EA4F,scott_test_open,"",0,0,2018-11-06T00:29:11,2018-11-06T14:58:05,91109,0,10/5/2018 1:36:54 PM,94150217,7204042,65732,treasure-data.com,59ec6c68-33f0-435a-bca8-04404c5c2d65,1541545120
c55e2345-8de1-e811-a2d2-1402ec94baa0,25963,25117FB9-4852-4136-900F-2311B2A1EA4F,scott_test_open,"",0,0,2018-11-06T00:29:11,2018-11-06T14:58:05,91123,0,10/5/2018 6:48:40 PM,94150217,7204042,65732,treasure-data.com,59ec6c68-33f0-435a-bca8-04404c5c2d65,1541545120
c55e2345-8de1-e811-a2d2-1402ec94baa0,25963,25117FB9-4852-4136-900F-2311B2A1EA4F,scott_test_open,"",0,0,2018-11-06T00:29:11,2018-11-06T14:58:05,91335,0,10/8/2018 1:31:26 PM,94150217,7204042,69184,treasure-data.com,59ec6c68-33f0-435a-bca8-04404c5c2d65,1541545120
c55e2345-8de1-e811-a2d2-1402ec94baa0,25963,25117FB9-4852-4136-900F-2311B2A1EA4F,scott_test_open,"",0,0,2018-11-06T00:29:11,2018-11-06T14:58:05,91392,0,10/9/2018 9:16:04 AM,94150217,7204042,69184,treasure-data.com,59ec6c68-33f0-435a-bca8-04404c5c2d65,1541545120
c55e2345-8de1-e811-a2d2-1402ec94baa0,25963,25117FB9-4852-4136-900F-2311B2A1EA4F,scott_test_open,"",0,0,2018-11-06T00:29:11,2018-11-06T14:58:05,91392,0,10/9/2018 9:16:07 AM,94150217,7204042,69184,treasure-data.com,59ec6c68-33f0-435a-bca8-04404c5c2d65,1541545120
c55e2345-8de1-e811-a2d2-1402ec94baa0,25963,25117FB9-4852-4136-900F-2311B2A1EA4F,scott_test_open,"",0,0,2018-11-06T00:29:11,2018-11-06T14:58:05,91919,0,10/15/2018 1:30:22 PM,94150217,7204042,65732,treasure-data.com,59ec6c68-33f0-435a-bca8-04404c5c2d65,1541545120
c55e2345-8de1-e811-a2d2-1402ec94baa0,25963,25117FB9-4852-4136-900F-2311B2A1EA4F,scott_test_open,"",0,0,2018-11-06T00:29:11,2018-11-06T14:58:05,92171,0,10/17/2018 6:13:16 PM,94150217,7204042,65732,treasure-data.com,59ec6c68-33f0-435a-bca8-04404c5c2d65,1541545120
c55e2345-8de1-e811-a2d2-1402ec94baa0,25963,25117FB9-4852-4136-900F-2311B2A1EA4F,scott_test_open,"",0,0,2018-11-06T00:29:11,2018-11-06T14:58:05,92171,0,10/17/2018 6:13:18 PM,94150217,7204042,65732,treasure-data.com,59ec6c68-33f0-435a-bca8-04404c5c2d65,1541545120
c55e2345-8de1-e811-a2d2-1402ec94baa0,25963,25117FB9-4852-4136-900F-2311B2A1EA4F,scott_test_open,"",0,0,2018-11-06T00:29:11,2018-11-06T14:58:05,92822,0,10/24/2018 4:45:59 AM,94150217,7204042,69184,treasure-data.com,59ec6c68-33f0-435a-bca8-04404c5c2d65,1541545120
c55e2345-8de1-e811-a2d2-1402ec94baa0,25963,25117FB9-4852-4136-900F-2311B2A1EA4F,scott_test_open,"",0,0,2018-11-06T00:29:11,2018-11-06T14:58:05,93010,0,10/25/2018 6:47:37 AM,94150217,7204042,69184,treasure-data.com,59ec6c68-33f0-435a-bca8-04404c5c2d65,1541545120
c55e2345-8de1-e811-a2d2-1402ec94baa0,25963,25117FB9-4852-4136-900F-2311B2A1EA4F,scott_test_open,"",0,0,2018-11-06T00:29:11,2018-11-06T14:58:05,93010,0,10/25/2018 6:47:40 AM,94150217,7204042,69184,treasure-data.com,59ec6c68-33f0-435a-bca8-04404c5c2d65,1541545120
c55e2345-8de1-e811-a2d2-1402ec94baa0,25963,25117FB9-4852-4136-900F-2311B2A1EA4F,scott_test_open,"",0,0,2018-11-06T00:29:11,2018-11-06T14:58:05,93010,0,10/25/2018 7:05:05 AM,94150217,7204042,69184,treasure-data.com,59ec6c68-33f0-435a-bca8-04404c5c2d65,1541545120
c55e2345-8de1-e811-a2d2-1402ec94baa0,25963,25117FB9-4852-4136-900F-2311B2A1EA4F,scott_test_open,"",0,0,2018-11-06T00:29:11,2018-11-06T14:58:05,93410,0,10/30/2018 3:17:40 PM,94150217,7204042,65732,treasure-data.com,59ec6c68-33f0-435a-bca8-04404c5c2d65,1541545120
c55e2345-8de1-e811-a2d2-1402ec94baa0,25963,25117FB9-4852-4136-900F-2311B2A1EA4F,scott_test_open,"",0,0,2018-11-06T00:29:11,2018-11-06T14:58:05,93410,0,10/30/2018 3:17:42 PM,94150217,7204042,65732,treasure-data.com,59ec6c68-33f0-435a-bca8-04404c5c2d65,1541545120
c55e2345-8de1-e811-a2d2-1402ec94baa0,25963,25117FB9-4852-4136-900F-2311B2A1EA4F,scott_test_open,"",0,0,2018-11-06T00:29:11,2018-11-06T14:58:05,91019,0,10/4/2018 4:03:17 PM,99113045,7204042,65884,treasure-data.com,5c5f2906-d13b-4e6d-998a-de0b80483d91,1541545120
c55e2345-8de1-e811-a2d2-1402ec94baa0,25963,25117FB9-4852-4136-900F-2311B2A1EA4F,scott_test_open,"",0,0,2018-11-06T00:29:11,2018-11-06T14:58:05,91041,0,10/5/2018 10:09:43 AM,99113045,7204042,65884,treasure-data.com,5c5f2906-d13b-4e6d-998a-de0b80483d91,1541545120
c55e2345-8de1-e811-a2d2-1402ec94baa0,25963,25117FB9-4852-4136-900F-2311B2A1EA4F,scott_test_open,"",0,0,2018-11-06T00:29:11,2018-11-06T14:58:05,91041,0,10/5/2018 8:52:40 AM,99113077,7204042,65884,treasure-data.com,d58f3f29-25a0-4716-87ac-4cd9e9767ee0,1541545120
c55e2345-8de1-e811-a2d2-1402ec94baa0,25963,25117FB9-4852-4136-900F-2311B2A1EA4F,scott_test_open,"",0,0,2018-11-06T00:29:11,2018-11-06T14:58:05,91041,0,10/5/2018 8:52:52 AM,99113077,7204042,65884,treasure-data.com,d58f3f29-25a0-4716-87ac-4cd9e9767ee0,1541545120
c55e2345-8de1-e811-a2d2-1402ec94baa0,25963,25117FB9-4852-4136-900F-2311B2A1EA4F,scott_test_open,"",0,0,2018-11-06T00:29:11,2018-11-06T14:58:05,91041,0,10/5/2018 10:00:35 AM,99113077,7204042,65884,treasure-data.com,d58f3f29-25a0-4716-87ac-4cd9e9767ee0,1541545120
c55e2345-8de1-e811-a2d2-1402ec94baa0,25963,25117FB9-4852-4136-900F-2311B2A1EA4F,scott_test_open,"",0,0,2018-11-06T00:29:11,2018-11-06T14:58:05,91041,0,10/5/2018 10:00:57 AM,99113077,7204042,65884,treasure-data.com,d58f3f29-25a0-4716-87ac-4cd9e9767ee0,1541545120
c55e2345-8de1-e811-a2d2-1402ec94baa0,25963,25117FB9-4852-4136-900F-2311B2A1EA4F,scott_test_open,"",0,0,2018-11-06T00:29:11,2018-11-06T14:58:05,91041,0,10/5/2018 10:01:05 AM,99113077,7204042,65884,treasure-data.com,d58f3f29-25a0-4716-87ac-4cd9e9767ee0,1541545120
c55e2345-8de1-e811-a2d2-1402ec94baa0,25963,25117FB9-4852-4136-900F-2311B2A1EA4F,scott_test_open,"",0,0,2018-11-06T00:29:11,2018-11-06T14:58:05,91041,0,10/5/2018 10:01:05 AM,99113077,7204042,65884,treasure-data.com,d58f3f29-25a0-4716-87ac-4cd9e9767ee0,1541545120
c55e2345-8de1-e811-a2d2-1402ec94baa0,25963,25117FB9-4852-4136-900F-2311B2A1EA4F,scott_test_open,"",0,0,2018-11-06T00:29:11,2018-11-06T14:58:05,91041,0,10/5/2018 10:01:05 AM,99113077,7204042,65884,treasure-data.com,d58f3f29-25a0-4716-87ac-4cd9e9767ee0,1541545120
c55e2345-8de1-e811-a2d2-1402ec94baa0,25963,25117FB9-4852-4136-900F-2311B2A1EA4F,scott_test_open,"",0,0,2018-11-06T00:29:11,2018-11-06T14:58:05,91041,0,10/5/2018 10:01:05 AM,99113077,7204042,65884,treasure-data.com,d58f3f29-25a0-4716-87ac-4cd9e9767ee0,1541545120
c55e2345-8de1-e811-a2d2-1402ec94baa0,25963,25117FB9-4852-4136-900F-2311B2A1EA4F,scott_test_open,"",0,0,2018-11-06T00:29:11,2018-11-06T14:58:05,91041,0,10/5/2018 10:01:05 AM,99113077,7204042,65884,treasure-data.com,d58f3f29-25a0-4716-87ac-4cd9e9767ee0,1541545120
c55e2345-8de1-e811-a2d2-1402ec94baa0,25963,25117FB9-4852-4136-900F-2311B2A1EA4F,scott_test_open,"",0,0,2018-11-06T00:29:11,2018-11-06T14:58:05,91041,0,10/5/2018 10:03:30 AM,99113077,7204042,65884,treasure-data.com,d58f3f29-25a0-4716-87ac-4cd9e9767ee0,1541545120
c55e2345-8de1-e811-a2d2-1402ec94baa0,25963,25117FB9-4852-4136-900F-2311B2A1EA4F,scott_test_open,"",0,0,2018-11-06T00:29:11,2018-11-06T14:58:05,91041,0,10/5/2018 10:09:37 AM,99113077,7204042,65884,treasure-data.com,d58f3f29-25a0-4716-87ac-4cd9e9767ee0,1541545120
c55e2345-8de1-e811-a2d2-1402ec94baa0,25963,25117FB9-4852-4136-900F-2311B2A1EA4F,scott_test_open,"",0,0,2018-11-06T00:29:11,2018-11-06T14:58:05,91041,0,10/5/2018 10:12:57 AM,99113077,7204042,65884,treasure-data.com,d58f3f29-25a0-4716-87ac-4cd9e9767ee0,1541545120
c55e2345-8de1-e811-a2d2-1402ec94baa0,25963,25117FB9-4852-4136-900F-2311B2A1EA4F,scott_test_open,"",0,0,2018-11-06T00:29:11,2018-11-06T14:58:05,91041,0,10/5/2018 10:12:58 AM,99113077,7204042,65884,treasure-data.com,d58f3f29-25a0-4716-87ac-4cd9e9767ee0,1541545120
c55e2345-8de1-e811-a2d2-1402ec94baa0,25963,25117FB9-4852-4136-900F-2311B2A1EA4F,scott_test_open,"",0,0,2018-11-06T00:29:11,2018-11-06T14:58:05,91041,0,10/5/2018 10:13:01 AM,99113077,7204042,65884,treasure-data.com,d58f3f29-25a0-4716-87ac-4cd9e9767ee0,1541545120
c55e2345-8de1-e811-a2d2-1402ec94baa0,25963,25117FB9-4852-4136-900F-2311B2A1EA4F,scott_test_open,"",0,0,2018-11-06T00:29:11,2018-11-06T14:58:05,91041,0,10/5/2018 10:13:05 AM,99113077,7204042,65884,treasure-data.com,d58f3f29-25a0-4716-87ac-4cd9e9767ee0,1541545120
c55e2345-8de1-e811-a2d2-1402ec94baa0,25963,25117FB9-4852-4136-900F-2311B2A1EA4F,scott_test_open,"",0,0,2018-11-06T00:29:11,2018-11-06T14:58:05,91041,0,10/5/2018 10:13:07 AM,99113077,7204042,65884,treasure-data.com,d58f3f29-25a0-4716-87ac-4cd9e9767ee0,1541545120
c55e2345-8de1-e811-a2d2-1402ec94baa0,25963,25117FB9-4852-4136-900F-2311B2A1EA4F,scott_test_open,"",0,0,2018-11-06T00:29:11,2018-11-06T14:58:05,91041,0,10/5/2018 10:13:08 AM,99113077,7204042,65884,treasure-data.com,d58f3f29-25a0-4716-87ac-4cd9e9767ee0,1541545120
c55e2345-8de1-e811-a2d2-1402ec94baa0,25963,25117FB9-4852-4136-900F-2311B2A1EA4F,scott_test_open,"",0,0,2018-11-06T00:29:11,2018-11-06T14:58:05,91041,0,10/5/2018 10:20:01 AM,99113077,7204042,65884,treasure-data.com,d58f3f29-25a0-4716-87ac-4cd9e9767ee0,1541545120
c55e2345-8de1-e811-a2d2-1402ec94baa0,25963,25117FB9-4852-4136-900F-2311B2A1EA4F,scott_test_open,"",0,0,2018-11-06T00:29:11,2018-11-06T14:58:05,91041,0,10/5/2018 10:20:03 AM,99113077,7204042,65884,treasure-data.com,d58f3f29-25a0-4716-87ac-4cd9e9767ee0,1541545120
c55e2345-8de1-e811-a2d2-1402ec94baa0,25963,25117FB9-4852-4136-900F-2311B2A1EA4F,scott_test_open,"",0,0,2018-11-06T00:29:11,2018-11-06T14:58:05,91019,0,10/4/2018 4:08:16 PM,99113078,7204042,65884,gmail.com,dda9a7c1-d6f5-494c-a38f-0f42b9a243ae,1541545120
c55e2345-8de1-e811-a2d2-1402ec94baa0,25963,25117FB9-4852-4136-900F-2311B2A1EA4F,scott_test_open,"",0,0,2018-11-06T00:29:11,2018-11-06T14:58:05,91019,0,10/4/2018 4:08:16 PM,99113078,7204042,65884,gmail.com,dda9a7c1-d6f5-494c-a38f-0f42b9a243ae,1541545120
c55e2345-8de1-e811-a2d2-1402ec94baa0,25963,25117FB9-4852-4136-900F-2311B2A1EA4F,scott_test_open,"",0,0,2018-11-06T00:29:11,2018-11-06T14:58:05,91019,0,10/4/2018 4:08:16 PM,99113079,7204042,65884,gmail.com,ddeb22b4-2e0d-42a8-8b58-9a5a9b9584bd,1541545120
c55e2345-8de1-e811-a2d2-1402ec94baa0,25963,25117FB9-4852-4136-900F-2311B2A1EA4F,scott_test_open,"",0,0,2018-11-06T00:29:11,2018-11-06T14:58:05,91019,0,10/4/2018 4:08:16 PM,99113083,7204042,65884,gmail.com,e81ec488-1298-4051-bd14-4990b5764019,1541545120
c55e2345-8de1-e811-a2d2-1402ec94baa0,25963,25117FB9-4852-4136-900F-2311B2A1EA4F,scott_test_open,"",0,0,2018-11-06T00:29:11,2018-11-06T14:58:05,91019,0,10/4/2018 4:08:16 PM,99113085,7204042,65884,gmail.com,ec83409c-7dd7-489a-b05c-b5ecb93a4eb2,1541545120
c55e2345-8de1-e811-a2d2-1402ec94baa0,25963,25117FB9-4852-4136-900F-2311B2A1EA4F,scott_test_open,"",0,0,2018-11-06T00:29:11,2018-11-06T14:58:05,91140,0,10/6/2018 4:00:15 AM,99113087,7204042,65884,treasure-data.com,ef36d425-329c-4044-a2a1-3f3c38b66623,1541545120
c55e2345-8de1-e811-a2d2-1402ec94baa0,25963,25117FB9-4852-4136-900F-2311B2A1EA4F,scott_test_open,"",0,0,2018-11-06T00:29:11,2018-11-06T14:58:05,91019,0,10/5/2018 8:54:45 AM,99113088,7204042,65884,gmail.com,f379d93a-36cc-4a39-993d-e45922c2c535,1541545120
c55e2345-8de1-e811-a2d2-1402ec94baa0,25963,25117FB9-4852-4136-900F-2311B2A1EA4F,scott_test_open,"",0,0,2018-11-06T00:29:11,2018-11-06T14:58:05,91205,0,10/7/2018 10:02:05 AM,99113088,7204042,65884,gmail.com,f379d93a-36cc-4a39-993d-e45922c2c535,1541545120
c55e2345-8de1-e811-a2d2-1402ec94baa0,25963,25117FB9-4852-4136-900F-2311B2A1EA4F,scott_test_open,"",0,0,2018-11-06T00:29:11,2018-11-06T14:58:05,91019,0,10/4/2018 4:28:51 PM,99113090,7204042,65884,gmail.com,f5b8373d-7726-4390-aa7b-434ed889be4a,1541545120
c55e2345-8de1-e811-a2d2-1402ec94baa0,25963,25117FB9-4852-4136-900F-2311B2A1EA4F,scott_test_open,"",0,0,2018-11-06T00:29:11,2018-11-06T14:58:05,91041,0,10/5/2018 12:35:45 AM,99113090,7204042,65884,gmail.com,f5b8373d-7726-4390-aa7b-434ed889be4a,1541545120
c55e2345-8de1-e811-a2d2-1402ec94baa0,25963,25117FB9-4852-4136-900F-2311B2A1EA4F,scott_test_open,"",0,0,2018-11-06T00:29:11,2018-11-06T14:58:05,91140,0,10/6/2018 4:05:34 AM,99113090,7204042,65884,gmail.com,f5b8373d-7726-4390-aa7b-434ed889be4a,1541545120
c55e2345-8de1-e811-a2d2-1402ec94baa0,25963,25117FB9-4852-4136-900F-2311B2A1EA4F,scott_test_open,"",0,0,2018-11-06T00:29:11,2018-11-06T14:58:05,91140,0,10/6/2018 4:05:37 AM,99113090,7204042,65884,gmail.com,f5b8373d-7726-4390-aa7b-434ed889be4a,1541545120
c55e2345-8de1-e811-a2d2-1402ec94baa0,25963,25117FB9-4852-4136-900F-2311B2A1EA4F,scott_test_open,"",0,0,2018-11-06T00:29:11,2018-11-06T14:58:05,91269,0,10/8/2018 1:07:48 AM,99113092,7204042,65884,gmail.com,f67b2b08-47f8-4448-8e54-84a6bce0cb94,1541545120
c55e2345-8de1-e811-a2d2-1402ec94baa0,25963,25117FB9-4852-4136-900F-2311B2A1EA4F,scott_test_open,"",0,0,2018-11-06T00:29:11,2018-11-06T14:58:05,91019,0,10/4/2018 4:08:16 PM,99113093,7204042,65884,gmail.com,f69f1a07-57af-4f7d-ab39-26d55b7a1eee,1541545120
c55e2345-8de1-e811-a2d2-1402ec94baa0,25963,25117FB9-4852-4136-900F-2311B2A1EA4F,scott_test_open,"",0,0,2018-11-06T00:29:11,2018-11-06T14:58:05,82343,0,7/12/2018 5:27:42 PM,93751557,7204042,65884,treasure-data.com,f7a4cfae-343c-4f6e-bf1b-72ab9a6363cf,1541545120
c55e2345-8de1-e811-a2d2-1402ec94baa0,25963,25117FB9-4852-4136-900F-2311B2A1EA4F,scott_test_open,"",0,0,2018-11-06T00:29:11,2018-11-06T14:58:05,91041,0,10/5/2018 6:52:28 AM,99116025,7204042,65884,treasure-data.com,0a594df2-df90-4986-85ff-4cfe464a0113,1541545120
c55e2345-8de1-e811-a2d2-1402ec94baa0,25963,25117FB9-4852-4136-900F-2311B2A1EA4F,scott_test_open,"",0,0,2018-11-06T00:29:11,2018-11-06T14:58:05,91140,0,10/6/2018 3:36:53 AM,99116025,7204042,65884,treasure-data.com,0a594df2-df90-4986-85ff-4cfe464a0113,1541545120
c55e2345-8de1-e811-a2d2-1402ec94baa0,25963,25117FB9-4852-4136-900F-2311B2A1EA4F,scott_test_open,"",0,0,2018-11-06T00:29:11,2018-11-06T14:58:05,91041,0,10/5/2018 1:15:47 PM,99116026,7204042,65884,treasure-data.com,0a594df2-df90-4986-85ff-4cfe464a9113,1541545120
c55e2345-8de1-e811-a2d2-1402ec94baa0,25963,25117FB9-4852-4136-900F-2311B2A1EA4F,scott_test_open,"",0,0,2018-11-06T00:29:11,2018-11-06T14:58:05,91041,0,10/5/2018 1:15:50 PM,99116026,7204042,65884,treasure-data.com,0a594df2-df90-4986-85ff-4cfe464a9113,1541545120
c55e2345-8de1-e811-a2d2-1402ec94baa0,25963,25117FB9-4852-4136-900F-2311B2A1EA4F,scott_test_open,"",0,0,2018-11-06T00:29:11,2018-11-06T14:58:05,91140,0,10/6/2018 7:14:32 AM,99116026,7204042,65884,treasure-data.com,0a594df2-df90-4986-85ff-4cfe464a9113,1541545120
c55e2345-8de1-e811-a2d2-1402ec94baa0,25963,25117FB9-4852-4136-900F-2311B2A1EA4F,scott_test_open,"",0,0,2018-11-06T00:29:11,2018-11-06T14:58:05,91205,0,10/7/2018 9:23:04 PM,99116026,7204042,65884,treasure-data.com,0a594df2-df90-4986-85ff-4cfe464a9113,1541545120
c55e2345-8de1-e811-a2d2-1402ec94baa0,25963,25117FB9-4852-4136-900F-2311B2A1EA4F,scott_test_open,"",0,0,2018-11-06T00:29:11,2018-11-06T14:58:05,91269,0,10/8/2018 10:54:53 AM,99116026,7204042,65884,treasure-data.com,0a594df2-df90-4986-85ff-4cfe464a9113,1541545120
c55e2345-8de1-e811-a2d2-1402ec94baa0,25963,25117FB9-4852-4136-900F-2311B2A1EA4F,scott_test_open,"",0,0,2018-11-06T00:29:11,2018-11-06T14:58:05,91019,0,10/4/2018 4:02:51 PM,99113019,7204042,65884,treasure-data.com,0f206196-76cb-4910-bd83-84a4d283b367,1541545120
c55e2345-8de1-e811-a2d2-1402ec94baa0,25963,25117FB9-4852-4136-900F-2311B2A1EA4F,scott_test_open,"",0,0,2018-11-06T00:29:11,2018-11-06T14:58:05,91019,0,10/4/2018 4:03:58 PM,99113019,7204042,65884,treasure-data.com,0f206196-76cb-4910-bd83-84a4d283b367,1541545120
c55e2345-8de1-e811-a2d2-1402ec94baa0,25963,25117FB9-4852-4136-900F-2311B2A1EA4F,scott_test_open,"",0,0,2018-11-06T00:29:11,2018-11-06T14:58:05,91041,0,10/5/2018 12:35:49 PM,99113019,7204042,65884,treasure-data.com,0f206196-76cb-4910-bd83-84a4d283b367,1541545120
c55e2345-8de1-e811-a2d2-1402ec94baa0,25963,25117FB9-4852-4136-900F-2311B2A1EA4F,scott_test_open,"",0,0,2018-11-06T00:29:11,2018-11-06T14:58:05,80382,0,6/15/2018 12:26:54 PM,40212755,7204042,65213,gmail.com,1,1541545120
c55e2345-8de1-e811-a2d2-1402ec94baa0,25963,25117FB9-4852-4136-900F-2311B2A1EA4F,scott_test_open,"",0,0,2018-11-06T00:29:11,2018-11-06T14:58:05,81338,0,6/28/2018 8:35:31 AM,40212755,7204042,65213,gmail.com,1,1541545120
c55e2345-8de1-e811-a2d2-1402ec94baa0,25963,25117FB9-4852-4136-900F-2311B2A1EA4F,scott_test_open,"",0,0,2018-11-06T00:29:11,2018-11-06T14:58:05,93985,0,11/5/2018 4:54:47 PM,99496261,7204042,71430,treasure-data.com,1001bb42cd-e2a2-4831-e8f1-475fe0e3thk,1541545120
c55e2345-8de1-e811-a2d2-1402ec94baa0,25963,25117FB9-4852-4136-900F-2311B2A1EA4F,scott_test_open,"",0,0,2018-11-06T00:29:11,2018-11-06T14:58:05,93986,0,11/5/2018 5:02:51 PM,99496261,7204042,71430,treasure-data.com,1001bb42cd-e2a2-4831-e8f1-475fe0e3thk,1541545120
c55e2345-8de1-e811-a2d2-1402ec94baa0,25963,25117FB9-4852-4136-900F-2311B2A1EA4F,scott_test_open,"",0,0,2018-11-06T00:29:11,2018-11-06T14:58:05,93988,0,11/5/2018 6:03:25 PM,99496261,7204042,71430,treasure-data.com,1001bb42cd-e2a2-4831-e8f1-475fe0e3thk,1541545120
c55e2345-8de1-e811-a2d2-1402ec94baa0,25963,25117FB9-4852-4136-900F-2311B2A1EA4F,scott_test_open,"",0,0,2018-11-06T00:29:11,2018-11-06T14:58:05,93990,0,11/5/2018 11:02:59 PM,99496261,7204042,71430,treasure-data.com,1001bb42cd-e2a2-4831-e8f1-475fe0e3thk,1541545120
c55e2345-8de1-e811-a2d2-1402ec94baa0,25963,25117FB9-4852-4136-900F-2311B2A1EA4F,scott_test_open,"",0,0,2018-11-06T00:29:11,2018-11-06T14:58:05,93993,0,11/5/2018 11:02:59 PM,99496261,7204042,71430,treasure-data.com,1001bb42cd-e2a2-4831-e8f1-475fe0e3thk,1541545120
c55e2345-8de1-e811-a2d2-1402ec94baa0,25963,25117FB9-4852-4136-900F-2311B2A1EA4F,scott_test_open,"",0,0,2018-11-06T00:29:11,2018-11-06T14:58:05,93995,0,11/5/2018 11:02:59 PM,99496261,7204042,71430,treasure-data.com,1001bb42cd-e2a2-4831-e8f1-475fe0e3thk,1541545120
c55e2345-8de1-e811-a2d2-1402ec94baa0,25963,25117FB9-4852-4136-900F-2311B2A1EA4F,scott_test_open,"",0,0,2018-11-06T00:29:11,2018-11-06T14:58:05,93997,0,11/5/2018 11:02:59 PM,99496261,7204042,71430,treasure-data.com,1001bb42cd-e2a2-4831-e8f1-475fe0e3thk,1541545120
c55e2345-8de1-e811-a2d2-1402ec94baa0,25963,25117FB9-4852-4136-900F-2311B2A1EA4F,scott_test_open,"",0,0,2018-11-06T00:29:11,2018-11-06T14:58:05,93999,0,11/5/2018 11:03:00 PM,99496261,7204042,71430,treasure-data.com,1001bb42cd-e2a2-4831-e8f1-475fe0e3thk,1541545120
c55e2345-8de1-e811-a2d2-1402ec94baa0,25963,25117FB9-4852-4136-900F-2311B2A1EA4F,scott_test_open,"",0,0,2018-11-06T00:29:11,2018-11-06T14:58:05,91019,0,10/5/2018 12:20:19 PM,99113020,7204042,65884,treasure-data.com,11a1c640-071a-4139-8ae9-e6f8531e1564,1541545120
c55e2345-8de1-e811-a2d2-1402ec94baa0,25963,25117FB9-4852-4136-900F-2311B2A1EA4F,scott_test_open,"",0,0,2018-11-06T00:29:11,2018-11-06T14:58:05,80581,0,6/18/2018 8:47:46 PM,40157238,7204042,64386,treasure-data.com,123,1541545120
c55e2345-8de1-e811-a2d2-1402ec94baa0,25963,25117FB9-4852-4136-900F-2311B2A1EA4F,scott_test_open,"",0,0,2018-11-06T00:29:11,2018-11-06T14:58:05,91205,0,10/7/2018 12:03:49 AM,99113021,7204042,65884,treasure-data.com,15867f24-4621-43ea-b41a-809f144c2539,1541545120
c55e2345-8de1-e811-a2d2-1402ec94baa0,25963,25117FB9-4852-4136-900F-2311B2A1EA4F,scott_test_open,"",0,0,2018-11-06T00:29:11,2018-11-06T14:58:05,75966,0,5/30/2018 2:34:41 PM,40208778,7204042,64386,gmail.com,2,1541545120
c55e2345-8de1-e811-a2d2-1402ec94baa0,25963,25117FB9-4852-4136-900F-2311B2A1EA4F,scott_test_open,"",0,0,2018-11-06T00:29:11,2018-11-06T14:58:05,80581,0,6/18/2018 8:47:46 PM,40208778,7204042,64386,gmail.com,2,1541545120
c55e2345-8de1-e811-a2d2-1402ec94baa0,25963,25117FB9-4852-4136-900F-2311B2A1EA4F,scott_test_open,"",0,0,2018-11-06T00:29:11,2018-11-06T14:58:05,91019,0,10/4/2018 4:08:16 PM,99113028,7204042,65884,gmail.com,2f15a1ce-3b65-401a-a502-0ffb2d6deaa4,1541545120
c55e2345-8de1-e811-a2d2-1402ec94baa0,25963,25117FB9-4852-4136-900F-2311B2A1EA4F,scott_test_open,"",0,0,2018-11-06T00:29:11,2018-11-06T14:58:05,91019,0,10/4/2018 4:08:16 PM,99113028,7204042,65884,gmail.com,2f15a1ce-3b65-401a-a502-0ffb2d6deaa4,1541545120
c55e2345-8de1-e811-a2d2-1402ec94baa0,25963,25117FB9-4852-4136-900F-2311B2A1EA4F,scott_test_open,"",0,0,2018-11-06T00:29:11,2018-11-06T14:58:05,91019,0,10/4/2018 4:08:16 PM,99113029,7204042,65884,gmail.com,317dfef7-e456-4f6c-a5fc-258825cb4d76,1541545120
c55e2345-8de1-e811-a2d2-1402ec94baa0,25963,25117FB9-4852-4136-900F-2311B2A1EA4F,scott_test_open,"",0,0,2018-11-06T00:29:11,2018-11-06T14:58:05,91109,0,10/5/2018 1:37:08 PM,99113029,7204042,65732,gmail.com,317dfef7-e456-4f6c-a5fc-258825cb4d76,1541545120
c55e2345-8de1-e811-a2d2-1402ec94baa0,25963,25117FB9-4852-4136-900F-2311B2A1EA4F,scott_test_open,"",0,0,2018-11-06T00:29:11,2018-11-06T14:58:05,91123,0,10/5/2018 5:16:24 PM,99113029,7204042,65732,gmail.com,317dfef7-e456-4f6c-a5fc-258825cb4d76,1541545120
c55e2345-8de1-e811-a2d2-1402ec94baa0,25963,25117FB9-4852-4136-900F-2311B2A1EA4F,scott_test_open,"",0,0,2018-11-06T00:29:11,2018-11-06T14:58:05,91123,0,10/5/2018 6:42:40 PM,99113029,7204042,65732,gmail.com,317dfef7-e456-4f6c-a5fc-258825cb4d76,1541545120
c55e2345-8de1-e811-a2d2-1402ec94baa0,25963,25117FB9-4852-4136-900F-2311B2A1EA4F,scott_test_open,"",0,0,2018-11-06T00:29:11,2018-11-06T14:58:05,91919,0,10/15/2018 1:01:31 PM,99113029,7204042,65732,gmail.com,317dfef7-e456-4f6c-a5fc-258825cb4d76,1541545120
c55e2345-8de1-e811-a2d2-1402ec94baa0,25963,25117FB9-4852-4136-900F-2311B2A1EA4F,scott_test_open,"",0,0,2018-11-06T00:29:11,2018-11-06T14:58:05,91919,0,10/15/2018 1:01:34 PM,99113029,7204042,65732,gmail.com,317dfef7-e456-4f6c-a5fc-258825cb4d76,1541545120
c55e2345-8de1-e811-a2d2-1402ec94baa0,25963,25117FB9-4852-4136-900F-2311B2A1EA4F,scott_test_open,"",0,0,2018-11-06T00:29:11,2018-11-06T14:58:05,91919,0,10/15/2018 1:28:02 PM,99113029,7204042,65732,gmail.com,317dfef7-e456-4f6c-a5fc-258825cb4d76,1541545120
c55e2345-8de1-e811-a2d2-1402ec94baa0,25963,25117FB9-4852-4136-900F-2311B2A1EA4F,scott_test_open,"",0,0,2018-11-06T00:29:11,2018-11-06T14:58:05,91919,0,10/15/2018 1:28:03 PM,99113029,7204042,65732,gmail.com,317dfef7-e456-4f6c-a5fc-258825cb4d76,1541545120
c55e2345-8de1-e811-a2d2-1402ec94baa0,25963,25117FB9-4852-4136-900F-2311B2A1EA4F,scott_test_open,"",0,0,2018-11-06T00:29:11,2018-11-06T14:58:05,91919,0,10/15/2018 2:27:11 PM,99113029,7204042,65732,gmail.com,317dfef7-e456-4f6c-a5fc-258825cb4d76,1541545120
c55e2345-8de1-e811-a2d2-1402ec94baa0,25963,25117FB9-4852-4136-900F-2311B2A1EA4F,scott_test_open,"",0,0,2018-11-06T00:29:11,2018-11-06T14:58:05,91924,0,10/15/2018 2:27:11 PM,99113029,7204042,65732,gmail.com,317dfef7-e456-4f6c-a5fc-258825cb4d76,1541545120
c55e2345-8de1-e811-a2d2-1402ec94baa0,25963,25117FB9-4852-4136-900F-2311B2A1EA4F,scott_test_open,"",0,0,2018-11-06T00:29:11,2018-11-06T14:58:05,91924,0,10/15/2018 2:27:11 PM,99113029,7204042,65732,gmail.com,317dfef7-e456-4f6c-a5fc-258825cb4d76,1541545120
c55e2345-8de1-e811-a2d2-1402ec94baa0,25963,25117FB9-4852-4136-900F-2311B2A1EA4F,scott_test_open,"",0,0,2018-11-06T00:29:11,2018-11-06T14:58:05,91924,0,10/15/2018 2:27:11 PM,99113029,7204042,65732,gmail.com,317dfef7-e456-4f6c-a5fc-258825cb4d76,1541545120
c55e2345-8de1-e811-a2d2-1402ec94baa0,25963,25117FB9-4852-4136-900F-2311B2A1EA4F,scott_test_open,"",0,0,2018-11-06T00:29:11,2018-11-06T14:58:05,91924,0,10/15/2018 5:40:41 PM,99113029,7204042,65732,gmail.com,317dfef7-e456-4f6c-a5fc-258825cb4d76,1541545120
c55e2345-8de1-e811-a2d2-1402ec94baa0,25963,25117FB9-4852-4136-900F-2311B2A1EA4F,scott_test_open,"",0,0,2018-11-06T00:29:11,2018-11-06T14:58:05,83951,0,7/19/2018 8:23:46 PM,94150215,7204042,65732,gmail.com,35aa24be-e2a2-4831-e8f1-475fe0e3ccdf,1541545120
c55e2345-8de1-e811-a2d2-1402ec94baa0,25963,25117FB9-4852-4136-900F-2311B2A1EA4F,scott_test_open,"",0,0,2018-11-06T00:29:11,2018-11-06T14:58:05,83951,0,7/20/2018 10:35:27 AM,94150215,7204042,65732,gmail.com,35aa24be-e2a2-4831-e8f1-475fe0e3ccdf,1541545120
c55e2345-8de1-e811-a2d2-1402ec94baa0,25963,25117FB9-4852-4136-900F-2311B2A1EA4F,scott_test_open,"",0,0,2018-11-06T00:29:11,2018-11-06T14:58:05,83951,0,7/20/2018 10:35:31 AM,94150215,7204042,65732,gmail.com,35aa24be-e2a2-4831-e8f1-475fe0e3ccdf,1541545120
c55e2345-8de1-e811-a2d2-1402ec94baa0,25963,25117FB9-4852-4136-900F-2311B2A1EA4F,scott_test_open,"",0,0,2018-11-06T00:29:11,2018-11-06T14:58:05,83951,0,7/20/2018 10:35:38 AM,94150215,7204042,65732,gmail.com,35aa24be-e2a2-4831-e8f1-475fe0e3ccdf,1541545120
c55e2345-8de1-e811-a2d2-1402ec94baa0,25963,25117FB9-4852-4136-900F-2311B2A1EA4F,scott_test_open,"",0,0,2018-11-06T00:29:11,2018-11-06T14:58:05,83951,0,7/20/2018 11:02:43 AM,94150215,7204042,65732,gmail.com,35aa24be-e2a2-4831-e8f1-475fe0e3ccdf,1541545120
c55e2345-8de1-e811-a2d2-1402ec94baa0,25963,25117FB9-4852-4136-900F-2311B2A1EA4F,scott_test_open,"",0,0,2018-11-06T00:29:11,2018-11-06T14:58:05,84001,0,7/20/2018 12:49:36 PM,94150215,7204042,65732,gmail.com,35aa24be-e2a2-4831-e8f1-475fe0e3ccdf,1541545120
c55e2345-8de1-e811-a2d2-1402ec94baa0,25963,25117FB9-4852-4136-900F-2311B2A1EA4F,scott_test_open,"",0,0,2018-11-06T00:29:11,2018-11-06T14:58:05,84227,0,7/24/2018 2:20:15 PM,94150215,7204042,65732,gmail.com,35aa24be-e2a2-4831-e8f1-475fe0e3ccdf,1541545120
c55e2345-8de1-e811-a2d2-1402ec94baa0,25963,25117FB9-4852-4136-900F-2311B2A1EA4F,scott_test_open,"",0,0,2018-11-06T00:29:11,2018-11-06T14:58:05,84231,0,7/24/2018 3:03:37 PM,94150215,7204042,69184,gmail.com,35aa24be-e2a2-4831-e8f1-475fe0e3ccdf,1541545120
c55e2345-8de1-e811-a2d2-1402ec94baa0,25963,25117FB9-4852-4136-900F-2311B2A1EA4F,scott_test_open,"",0,0,2018-11-06T00:29:11,2018-11-06T14:58:05,84690,0,7/30/2018 6:23:59 PM,94150215,7204042,69184,gmail.com,35aa24be-e2a2-4831-e8f1-475fe0e3ccdf,1541545120
c55e2345-8de1-e811-a2d2-1402ec94baa0,25963,25117FB9-4852-4136-900F-2311B2A1EA4F,scott_test_open,"",0,0,2018-11-06T00:29:11,2018-11-06T14:58:05,84692,0,7/30/2018 6:39:01 PM,94150215,7204042,69184,gmail.com,35aa24be-e2a2-4831-e8f1-475fe0e3ccdf,1541545120
c55e2345-8de1-e811-a2d2-1402ec94baa0,25963,25117FB9-4852-4136-900F-2311B2A1EA4F,scott_test_open,"",0,0,2018-11-06T00:29:11,2018-11-06T14:58:05,84693,0,7/30/2018 6:39:09 PM,94150215,7204042,69184,gmail.com,35aa24be-e2a2-4831-e8f1-475fe0e3ccdf,1541545120
c55e2345-8de1-e811-a2d2-1402ec94baa0,25963,25117FB9-4852-4136-900F-2311B2A1EA4F,scott_test_open,"",0,0,2018-11-06T00:29:11,2018-11-06T14:58:05,84695,0,7/30/2018 6:55:39 PM,94150215,7204042,69184,gmail.com,35aa24be-e2a2-4831-e8f1-475fe0e3ccdf,1541545120
c55e2345-8de1-e811-a2d2-1402ec94baa0,25963,25117FB9-4852-4136-900F-2311B2A1EA4F,scott_test_open,"",0,0,2018-11-06T00:29:11,2018-11-06T14:58:05,84727,0,7/31/2018 9:23:24 AM,94150215,7204042,69184,gmail.com,35aa24be-e2a2-4831-e8f1-475fe0e3ccdf,1541545120
c55e2345-8de1-e811-a2d2-1402ec94baa0,25963,25117FB9-4852-4136-900F-2311B2A1EA4F,scott_test_open,"",0,0,2018-11-06T00:29:11,2018-11-06T14:58:05,84728,0,7/31/2018 11:22:56 AM,94150215,7204042,69184,gmail.com,35aa24be-e2a2-4831-e8f1-475fe0e3ccdf,1541545120
c55e2345-8de1-e811-a2d2-1402ec94baa0,25963,25117FB9-4852-4136-900F-2311B2A1EA4F,scott_test_open,"",0,0,2018-11-06T00:29:11,2018-11-06T14:58:05,84728,0,7/31/2018 11:22:59 AM,94150215,7204042,69184,gmail.com,35aa24be-e2a2-4831-e8f1-475fe0e3ccdf,1541545120
c55e2345-8de1-e811-a2d2-1402ec94baa0,25963,25117FB9-4852-4136-900F-2311B2A1EA4F,scott_test_open,"",0,0,2018-11-06T00:29:11,2018-11-06T14:58:05,84760,0,7/31/2018 6:13:51 PM,94150215,7204042,69184,gmail.com,35aa24be-e2a2-4831-e8f1-475fe0e3ccdf,1541545120
c55e2345-8de1-e811-a2d2-1402ec94baa0,25963,25117FB9-4852-4136-900F-2311B2A1EA4F,scott_test_open,"",0,0,2018-11-06T00:29:11,2018-11-06T14:58:05,85152,0,8/6/2018 2:02:27 AM,94150215,7204042,69184,gmail.com,35aa24be-e2a2-4831-e8f1-475fe0e3ccdf,1541545120
c55e2345-8de1-e811-a2d2-1402ec94baa0,25963,25117FB9-4852-4136-900F-2311B2A1EA4F,scott_test_open,"",0,0,2018-11-06T00:29:11,2018-11-06T14:58:05,85154,0,8/6/2018 3:01:23 AM,94150215,7204042,69184,gmail.com,35aa24be-e2a2-4831-e8f1-475fe0e3ccdf,1541545120
c55e2345-8de1-e811-a2d2-1402ec94baa0,25963,25117FB9-4852-4136-900F-2311B2A1EA4F,scott_test_open,"",0,0,2018-11-06T00:29:11,2018-11-06T14:58:05,85548,0,8/9/2018 6:04:09 PM,94150215,7204042,65732,gmail.com,35aa24be-e2a2-4831-e8f1-475fe0e3ccdf,1541545120
c55e2345-8de1-e811-a2d2-1402ec94baa0,25963,25117FB9-4852-4136-900F-2311B2A1EA4F,scott_test_open,"",0,0,2018-11-06T00:29:11,2018-11-06T14:58:05,85554,0,8/9/2018 10:34:39 PM,94150215,7204042,65732,gmail.com,35aa24be-e2a2-4831-e8f1-475fe0e3ccdf,1541545120
c55e2345-8de1-e811-a2d2-1402ec94baa0,25963,25117FB9-4852-4136-900F-2311B2A1EA4F,scott_test_open,"",0,0,2018-11-06T00:29:11,2018-11-06T14:58:05,85601,0,8/10/2018 11:01:53 AM,94150215,7204042,65732,gmail.com,35aa24be-e2a2-4831-e8f1-475fe0e3ccdf,1541545120
c55e2345-8de1-e811-a2d2-1402ec94baa0,25963,25117FB9-4852-4136-900F-2311B2A1EA4F,scott_test_open,"",0,0,2018-11-06T00:29:11,2018-11-06T14:58:05,88245,0,9/11/2018 5:12:01 PM,94150215,7204042,65732,gmail.com,35aa24be-e2a2-4831-e8f1-475fe0e3ccdf,1541545120
c55e2345-8de1-e811-a2d2-1402ec94baa0,25963,25117FB9-4852-4136-900F-2311B2A1EA4F,scott_test_open,"",0,0,2018-11-06T00:29:11,2018-11-06T14:58:05,88245,0,9/11/2018 5:12:01 PM,94150215,7204042,65732,gmail.com,35aa24be-e2a2-4831-e8f1-475fe0e3ccdf,1541545120
c55e2345-8de1-e811-a2d2-1402ec94baa0,25963,25117FB9-4852-4136-900F-2311B2A1EA4F,scott_test_open,"",0,0,2018-11-06T00:29:11,2018-11-06T14:58:05,88245,0,9/11/2018 5:12:02 PM,94150215,7204042,65732,gmail.com,35aa24be-e2a2-4831-e8f1-475fe0e3ccdf,1541545120
c55e2345-8de1-e811-a2d2-1402ec94baa0,25963,25117FB9-4852-4136-900F-2311B2A1EA4F,scott_test_open,"",0,0,2018-11-06T00:29:11,2018-11-06T14:58:05,88284,0,9/12/2018 8:20:47 AM,94150215,7204042,69184,gmail.com,35aa24be-e2a2-4831-e8f1-475fe0e3ccdf,1541545120
c55e2345-8de1-e811-a2d2-1402ec94baa0,25963,25117FB9-4852-4136-900F-2311B2A1EA4F,scott_test_open,"",0,0,2018-11-06T00:29:11,2018-11-06T14:58:05,88289,0,9/12/2018 8:20:55 AM,94150215,7204042,69184,gmail.com,35aa24be-e2a2-4831-e8f1-475fe0e3ccdf,1541545120
c55e2345-8de1-e811-a2d2-1402ec94baa0,25963,25117FB9-4852-4136-900F-2311B2A1EA4F,scott_test_open,"",0,0,2018-11-06T00:29:11,2018-11-06T14:58:05,88318,0,9/12/2018 10:17:54 AM,94150215,7204042,65732,gmail.com,35aa24be-e2a2-4831-e8f1-475fe0e3ccdf,1541545120
c55e2345-8de1-e811-a2d2-1402ec94baa0,25963,25117FB9-4852-4136-900F-2311B2A1EA4F,scott_test_open,"",0,0,2018-11-06T00:29:11,2018-11-06T14:58:05,91032,0,10/4/2018 9:12:54 PM,94150215,7204042,65732,gmail.com,35aa24be-e2a2-4831-e8f1-475fe0e3ccdf,1541545120
c55e2345-8de1-e811-a2d2-1402ec94baa0,25963,25117FB9-4852-4136-900F-2311B2A1EA4F,scott_test_open,"",0,0,2018-11-06T00:29:11,2018-11-06T14:58:05,91032,0,10/4/2018 9:12:57 PM,94150215,7204042,65732,gmail.com,35aa24be-e2a2-4831-e8f1-475fe0e3ccdf,1541545120
c55e2345-8de1-e811-a2d2-1402ec94baa0,25963,25117FB9-4852-4136-900F-2311B2A1EA4F,scott_test_open,"",0,0,2018-11-06T00:29:11,2018-11-06T14:58:05,91335,0,10/8/2018 1:33:21 PM,94150215,7204042,69184,gmail.com,35aa24be-e2a2-4831-e8f1-475fe0e3ccdf,1541545120
c55e2345-8de1-e811-a2d2-1402ec94baa0,25963,25117FB9-4852-4136-900F-2311B2A1EA4F,scott_test_open,"",0,0,2018-11-06T00:29:11,2018-11-06T14:58:05,91335,0,10/8/2018 1:33:22 PM,94150215,7204042,69184,gmail.com,35aa24be-e2a2-4831-e8f1-475fe0e3ccdf,1541545120
c55e2345-8de1-e811-a2d2-1402ec94baa0,25963,25117FB9-4852-4136-900F-2311B2A1EA4F,scott_test_open,"",0,0,2018-11-06T00:29:11,2018-11-06T14:58:05,91335,0,10/8/2018 4:11:15 PM,94150215,7204042,69184,gmail.com,35aa24be-e2a2-4831-e8f1-475fe0e3ccdf,1541545120
c55e2345-8de1-e811-a2d2-1402ec94baa0,25963,25117FB9-4852-4136-900F-2311B2A1EA4F,scott_test_open,"",0,0,2018-11-06T00:29:11,2018-11-06T14:58:05,91392,0,10/9/2018 9:18:23 AM,94150215,7204042,69184,gmail.com,35aa24be-e2a2-4831-e8f1-475fe0e3ccdf,1541545120
c55e2345-8de1-e811-a2d2-1402ec94baa0,25963,25117FB9-4852-4136-900F-2311B2A1EA4F,scott_test_open,"",0,0,2018-11-06T00:29:11,2018-11-06T14:58:05,92822,0,10/24/2018 7:34:16 AM,94150215,7204042,69184,gmail.com,35aa24be-e2a2-4831-e8f1-475fe0e3ccdf,1541545120
c55e2345-8de1-e811-a2d2-1402ec94baa0,25963,25117FB9-4852-4136-900F-2311B2A1EA4F,scott_test_open,"",0,0,2018-11-06T00:29:11,2018-11-06T14:58:05,93010,0,10/25/2018 7:05:18 AM,94150215,7204042,69184,gmail.com,35aa24be-e2a2-4831-e8f1-475fe0e3ccdf,1541545120
c55e2345-8de1-e811-a2d2-1402ec94baa0,25963,25117FB9-4852-4136-900F-2311B2A1EA4F,scott_test_open,"",0,0,2018-11-06T00:29:11,2018-11-06T14:58:05,91019,0,10/4/2018 4:08:16 PM,99113031,7204042,65884,gmail.com,3802c77b-0adc-444f-bf26-47f30c92488c,1541545120
c55e2345-8de1-e811-a2d2-1402ec94baa0,25963,25117FB9-4852-4136-900F-2311B2A1EA4F,scott_test_open,"",0,0,2018-11-06T00:29:11,2018-11-06T14:58:05,91205,0,10/7/2018 12:04:23 AM,99113032,7204042,65884,treasure-data.com,3928d8f0-169c-4423-884c-78ba7b612014,1541545120
c55e2345-8de1-e811-a2d2-1402ec94baa0,25963,25117FB9-4852-4136-900F-2311B2A1EA4F,scott_test_open,"",0,0,2018-11-06T00:29:11,2018-11-06T14:58:05,80581,0,6/18/2018 8:47:46 PM,40212720,7204042,64386,gmail.com,4,1541545120
c55e2345-8de1-e811-a2d2-1402ec94baa0,25963,25117FB9-4852-4136-900F-2311B2A1EA4F,scott_test_open,"",0,0,2018-11-06T00:29:11,2018-11-06T14:58:05,91041,0,10/5/2018 12:13:28 AM,99113037,7204042,65884,gmail.com,4d3ba757-f143-4de7-8432-5562c51893f7,1541545120
c55e2345-8de1-e811-a2d2-1402ec94baa0,25963,25117FB9-4852-4136-900F-2311B2A1EA4F,scott_test_open,"",0,0,2018-11-06T00:29:11,2018-11-06T14:58:05,91019,0,10/5/2018 12:13:29 AM,99113037,7204042,65884,gmail.com,4d3ba757-f143-4de7-8432-5562c51893f7,1541545120
c55e2345-8de1-e811-a2d2-1402ec94baa0,25963,25117FB9-4852-4136-900F-2311B2A1EA4F,scott_test_open,"",0,0,2018-11-06T00:29:11,2018-11-06T14:58:05,91041,0,10/5/2018 12:13:33 AM,99113037,7204042,65884,gmail.com,4d3ba757-f143-4de7-8432-5562c51893f7,1541545120
c55e2345-8de1-e811-a2d2-1402ec94baa0,25963,25117FB9-4852-4136-900F-2311B2A1EA4F,scott_test_open,"",0,0,2018-11-06T00:29:11,2018-11-06T14:58:05,91019,0,10/5/2018 12:13:34 AM,99113037,7204042,65884,gmail.com,4d3ba757-f143-4de7-8432-5562c51893f7,1541545120
c55e2345-8de1-e811-a2d2-1402ec94baa0,25963,25117FB9-4852-4136-900F-2311B2A1EA4F,scott_test_open,"",0,0,2018-11-06T00:29:11,2018-11-06T14:58:05,91269,0,10/10/2018 5:04:04 AM,99113037,7204042,65884,gmail.com,4d3ba757-f143-4de7-8432-5562c51893f7,1541545120
c55e2345-8de1-e811-a2d2-1402ec94baa0,25963,25117FB9-4852-4136-900F-2311B2A1EA4F,scott_test_open,"",0,0,2018-11-06T00:29:11,2018-11-06T14:58:05,91019,0,10/4/2018 4:08:16 PM,99113040,7204042,65884,gmail.com,513b0d6b-5015-4240-9c68-c1b162449b7f,1541545120
c55e2345-8de1-e811-a2d2-1402ec94baa0,25963,25117FB9-4852-4136-900F-2311B2A1EA4F,scott_test_open,"",0,0,2018-11-06T00:29:11,2018-11-06T14:58:05,91019,0,10/4/2018 4:08:16 PM,99113040,7204042,65884,gmail.com,513b0d6b-5015-4240-9c68-c1b162449b7f,1541545120
c55e2345-8de1-e811-a2d2-1402ec94baa0,25963,25117FB9-4852-4136-900F-2311B2A1EA4F,scott_test_open,"",0,0,2018-11-06T00:29:11,2018-11-06T14:58:05,83951,0,7/19/2018 8:26:33 PM,94150217,7204042,65732,treasure-data.com,59ec6c68-33f0-435a-bca8-04404c5c2d65,1541545120
c55e2345-8de1-e811-a2d2-1402ec94baa0,25963,25117FB9-4852-4136-900F-2311B2A1EA4F,scott_test_open,"",0,0,2018-11-06T00:29:11,2018-11-06T14:58:05,83951,0,7/20/2018 7:06:35 AM,94150217,7204042,65732,treasure-data.com,59ec6c68-33f0-435a-bca8-04404c5c2d65,1541545120
c55e2345-8de1-e811-a2d2-1402ec94baa0,25963,25117FB9-4852-4136-900F-2311B2A1EA4F,scott_test_open,"",0,0,2018-11-06T00:29:11,2018-11-06T14:58:05,84001,0,7/22/2018 7:55:58 AM,94150217,7204042,65732,treasure-data.com,59ec6c68-33f0-435a-bca8-04404c5c2d65,1541545120
c55e2345-8de1-e811-a2d2-1402ec94baa0,25963,25117FB9-4852-4136-900F-2311B2A1EA4F,scott_test_open,"",0,0,2018-11-06T00:29:11,2018-11-06T14:58:05,84231,0,7/24/2018 2:51:05 PM,94150217,7204042,69184,treasure-data.com,59ec6c68-33f0-435a-bca8-04404c5c2d65,1541545120
c55e2345-8de1-e811-a2d2-1402ec94baa0,25963,25117FB9-4852-4136-900F-2311B2A1EA4F,scott_test_open,"",0,0,2018-11-06T00:29:11,2018-11-06T14:58:05,84231,0,7/24/2018 2:51:08 PM,94150217,7204042,69184,treasure-data.com,59ec6c68-33f0-435a-bca8-04404c5c2d65,1541545120
c55e2345-8de1-e811-a2d2-1402ec94baa0,25963,25117FB9-4852-4136-900F-2311B2A1EA4F,scott_test_open,"",0,0,2018-11-06T00:29:11,2018-11-06T14:58:05,84227,0,7/26/2018 2:30:35 PM,94150217,7204042,65732,treasure-data.com,59ec6c68-33f0-435a-bca8-04404c5c2d65,1541545120
c55e2345-8de1-e811-a2d2-1402ec94baa0,25963,25117FB9-4852-4136-900F-2311B2A1EA4F,scott_test_open,"",0,0,2018-11-06T00:29:11,2018-11-06T14:58:05,84690,0,7/30/2018 5:48:43 PM,94150217,7204042,69184,treasure-data.com,59ec6c68-33f0-435a-bca8-04404c5c2d65,1541545120
c55e2345-8de1-e811-a2d2-1402ec94baa0,25963,25117FB9-4852-4136-900F-2311B2A1EA4F,scott_test_open,"",0,0,2018-11-06T00:29:11,2018-11-06T14:58:05,84690,0,7/30/2018 5:57:21 PM,94150217,7204042,69184,treasure-data.com,59ec6c68-33f0-435a-bca8-04404c5c2d65,1541545120
c55e2345-8de1-e811-a2d2-1402ec94baa0,25963,25117FB9-4852-4136-900F-2311B2A1EA4F,scott_test_open,"",0,0,2018-11-06T00:29:11,2018-11-06T14:58:05,84692,0,7/30/2018 6:26:53 PM,94150217,7204042,69184,treasure-data.com,59ec6c68-33f0-435a-bca8-04404c5c2d65,1541545120
c55e2345-8de1-e811-a2d2-1402ec94baa0,25963,25117FB9-4852-4136-900F-2311B2A1EA4F,scott_test_open,"",0,0,2018-11-06T00:29:11,2018-11-06T14:58:05,84693,0,7/30/2018 6:30:48 PM,94150217,7204042,69184,treasure-data.com,59ec6c68-33f0-435a-bca8-04404c5c2d65,1541545120
c55e2345-8de1-e811-a2d2-1402ec94baa0,25963,25117FB9-4852-4136-900F-2311B2A1EA4F,scott_test_open,"",0,0,2018-11-06T00:29:11,2018-11-06T14:58:05,84693,0,7/30/2018 6:30:49 PM,94150217,7204042,69184,treasure-data.com,59ec6c68-33f0-435a-bca8-04404c5c2d65,1541545120
c55e2345-8de1-e811-a2d2-1402ec94baa0,25963,25117FB9-4852-4136-900F-2311B2A1EA4F,scott_test_open,"",0,0,2018-11-06T00:29:11,2018-11-06T14:58:05,84693,0,7/30/2018 6:32:38 PM,94150217,7204042,69184,treasure-data.com,59ec6c68-33f0-435a-bca8-04404c5c2d65,1541545120
c55e2345-8de1-e811-a2d2-1402ec94baa0,25963,25117FB9-4852-4136-900F-2311B2A1EA4F,scott_test_open,"",0,0,2018-11-06T00:29:11,2018-11-06T14:58:05,84695,0,7/30/2018 6:47:46 PM,94150217,7204042,69184,treasure-data.com,59ec6c68-33f0-435a-bca8-04404c5c2d65,1541545120
c55e2345-8de1-e811-a2d2-1402ec94baa0,25963,25117FB9-4852-4136-900F-2311B2A1EA4F,scott_test_open,"",0,0,2018-11-06T00:29:11,2018-11-06T14:58:05,84695,0,7/30/2018 6:47:52 PM,94150217,7204042,69184,treasure-data.com,59ec6c68-33f0-435a-bca8-04404c5c2d65,1541545120
c55e2345-8de1-e811-a2d2-1402ec94baa0,25963,25117FB9-4852-4136-900F-2311B2A1EA4F,scott_test_open,"",0,0,2018-11-06T00:29:11,2018-11-06T14:58:05,84695,0,7/30/2018 6:47:53 PM,94150217,7204042,69184,treasure-data.com,59ec6c68-33f0-435a-bca8-04404c5c2d65,1541545120
c55e2345-8de1-e811-a2d2-1402ec94baa0,25963,25117FB9-4852-4136-900F-2311B2A1EA4F,scott_test_open,"",0,0,2018-11-06T00:29:11,2018-11-06T14:58:05,84714,0,7/31/2018 6:01:07 AM,94150217,7204042,69184,treasure-data.com,59ec6c68-33f0-435a-bca8-04404c5c2d65,1541545120
c55e2345-8de1-e811-a2d2-1402ec94baa0,25963,25117FB9-4852-4136-900F-2311B2A1EA4F,scott_test_open,"",0,0,2018-11-06T00:29:11,2018-11-06T14:58:05,84695,0,7/31/2018 6:01:19 AM,94150217,7204042,69184,treasure-data.com,59ec6c68-33f0-435a-bca8-04404c5c2d65,1541545120
c55e2345-8de1-e811-a2d2-1402ec94baa0,25963,25117FB9-4852-4136-900F-2311B2A1EA4F,scott_test_open,"",0,0,2018-11-06T00:29:11,2018-11-06T14:58:05,84715,0,7/31/2018 6:06:29 AM,94150217,7204042,69184,treasure-data.com,59ec6c68-33f0-435a-bca8-04404c5c2d65,1541545120
c55e2345-8de1-e811-a2d2-1402ec94baa0,25963,25117FB9-4852-4136-900F-2311B2A1EA4F,scott_test_open,"",0,0,2018-11-06T00:29:11,2018-11-06T14:58:05,84720,0,7/31/2018 7:16:55 AM,94150217,7204042,69184,treasure-data.com,59ec6c68-33f0-435a-bca8-04404c5c2d65,1541545120
c55e2345-8de1-e811-a2d2-1402ec94baa0,25963,25117FB9-4852-4136-900F-2311B2A1EA4F,scott_test_open,"",0,0,2018-11-06T00:29:11,2018-11-06T14:58:05,84720,0,7/31/2018 7:16:59 AM,94150217,7204042,69184,treasure-data.com,59ec6c68-33f0-435a-bca8-04404c5c2d65,1541545120
c55e2345-8de1-e811-a2d2-1402ec94baa0,25963,25117FB9-4852-4136-900F-2311B2A1EA4F,scott_test_open,"",0,0,2018-11-06T00:29:11,2018-11-06T14:58:05,84727,0,7/31/2018 9:20:02 AM,94150217,7204042,69184,treasure-data.com,59ec6c68-33f0-435a-bca8-04404c5c2d65,1541545120
c55e2345-8de1-e811-a2d2-1402ec94baa0,25963,25117FB9-4852-4136-900F-2311B2A1EA4F,scott_test_open,"",0,0,2018-11-06T00:29:11,2018-11-06T14:58:05,84727,0,7/31/2018 9:22:24 AM,94150217,7204042,69184,treasure-data.com,59ec6c68-33f0-435a-bca8-04404c5c2d65,1541545120
c55e2345-8de1-e811-a2d2-1402ec94baa0,25963,25117FB9-4852-4136-900F-2311B2A1EA4F,scott_test_open,"",0,0,2018-11-06T00:29:11,2018-11-06T14:58:05,84728,0,7/31/2018 9:28:05 AM,94150217,7204042,69184,treasure-data.com,59ec6c68-33f0-435a-bca8-04404c5c2d65,1541545120
c55e2345-8de1-e811-a2d2-1402ec94baa0,25963,25117FB9-4852-4136-900F-2311B2A1EA4F,scott_test_open,"",0,0,2018-11-06T00:29:11,2018-11-06T14:58:05,84728,0,7/31/2018 9:28:06 AM,94150217,7204042,69184,treasure-data.com,59ec6c68-33f0-435a-bca8-04404c5c2d65,1541545120
c55e2345-8de1-e811-a2d2-1402ec94baa0,25963,25117FB9-4852-4136-900F-2311B2A1EA4F,scott_test_open,"",0,0,2018-11-06T00:29:11,2018-11-06T14:58:05,84760,0,7/31/2018 5:49:40 PM,94150217,7204042,69184,treasure-data.com,59ec6c68-33f0-435a-bca8-04404c5c2d65,1541545120
c55e2345-8de1-e811-a2d2-1402ec94baa0,25963,25117FB9-4852-4136-900F-2311B2A1EA4F,scott_test_open,"",0,0,2018-11-06T00:29:11,2018-11-06T14:58:05,84760,0,7/31/2018 5:49:41 PM,94150217,7204042,69184,treasure-data.com,59ec6c68-33f0-435a-bca8-04404c5c2d65,1541545120
c55e2345-8de1-e811-a2d2-1402ec94baa0,25963,25117FB9-4852-4136-900F-2311B2A1EA4F,scott_test_open,"",0,0,2018-11-06T00:29:11,2018-11-06T14:58:05,84728,0,7/31/2018 5:49:56 PM,94150217,7204042,69184,treasure-data.com,59ec6c68-33f0-435a-bca8-04404c5c2d65,1541545120
c55e2345-8de1-e811-a2d2-1402ec94baa0,25963,25117FB9-4852-4136-900F-2311B2A1EA4F,scott_test_open,"",0,0,2018-11-06T00:29:11,2018-11-06T14:58:05,84760,0,7/31/2018 5:49:57 PM,94150217,7204042,69184,treasure-data.com,59ec6c68-33f0-435a-bca8-04404c5c2d65,1541545120
c55e2345-8de1-e811-a2d2-1402ec94baa0,25963,25117FB9-4852-4136-900F-2311B2A1EA4F,scott_test_open,"",0,0,2018-11-06T00:29:11,2018-11-06T14:58:05,85152,0,8/6/2018 1:49:14 AM,94150217,7204042,69184,treasure-data.com,59ec6c68-33f0-435a-bca8-04404c5c2d65,1541545120
c55e2345-8de1-e811-a2d2-1402ec94baa0,25963,25117FB9-4852-4136-900F-2311B2A1EA4F,scott_test_open,"",0,0,2018-11-06T00:29:11,2018-11-06T14:58:05,85152,0,8/6/2018 1:49:17 AM,94150217,7204042,69184,treasure-data.com,59ec6c68-33f0-435a-bca8-04404c5c2d65,1541545120
c55e2345-8de1-e811-a2d2-1402ec94baa0,25963,25117FB9-4852-4136-900F-2311B2A1EA4F,scott_test_open,"",0,0,2018-11-06T00:29:11,2018-11-06T14:58:05,85154,0,8/6/2018 2:20:58 AM,94150217,7204042,69184,treasure-data.com,59ec6c68-33f0-435a-bca8-04404c5c2d65,1541545120
c55e2345-8de1-e811-a2d2-1402ec94baa0,25963,25117FB9-4852-4136-900F-2311B2A1EA4F,scott_test_open,"",0,0,2018-11-06T00:29:11,2018-11-06T14:58:05,85154,0,8/6/2018 2:20:59 AM,94150217,7204042,69184,treasure-data.com,59ec6c68-33f0-435a-bca8-04404c5c2d65,1541545120
c55e2345-8de1-e811-a2d2-1402ec94baa0,25963,25117FB9-4852-4136-900F-2311B2A1EA4F,scott_test_open,"",0,0,2018-11-06T00:29:11,2018-11-06T14:58:05,85548,0,8/9/2018 6:19:49 PM,94150217,7204042,65732,treasure-data.com,59ec6c68-33f0-435a-bca8-04404c5c2d65,1541545120
c55e2345-8de1-e811-a2d2-1402ec94baa0,25963,25117FB9-4852-4136-900F-2311B2A1EA4F,scott_test_open,"",0,0,2018-11-06T00:29:11,2018-11-06T14:58:05,85548,0,8/9/2018 6:20:09 PM,94150217,7204042,65732,treasure-data.com,59ec6c68-33f0-435a-bca8-04404c5c2d65,1541545120
c55e2345-8de1-e811-a2d2-1402ec94baa0,25963,25117FB9-4852-4136-900F-2311B2A1EA4F,scott_test_open,"",0,0,2018-11-06T00:29:11,2018-11-06T14:58:05,85554,0,8/10/2018 1:36:28 AM,94150217,7204042,65732,treasure-data.com,59ec6c68-33f0-435a-bca8-04404c5c2d65,1541545120
c55e2345-8de1-e811-a2d2-1402ec94baa0,25963,25117FB9-4852-4136-900F-2311B2A1EA4F,scott_test_open,"",0,0,2018-11-06T00:29:11,2018-11-06T14:58:05,84001,0,8/10/2018 1:37:06 AM,94150217,7204042,65732,treasure-data.com,59ec6c68-33f0-435a-bca8-04404c5c2d65,1541545120
c55e2345-8de1-e811-a2d2-1402ec94baa0,25963,25117FB9-4852-4136-900F-2311B2A1EA4F,scott_test_open,"",0,0,2018-11-06T00:29:11,2018-11-06T14:58:05,84227,0,8/10/2018 1:37:12 AM,94150217,7204042,65732,treasure-data.com,59ec6c68-33f0-435a-bca8-04404c5c2d65,1541545120
c55e2345-8de1-e811-a2d2-1402ec94baa0,25963,25117FB9-4852-4136-900F-2311B2A1EA4F,scott_test_open,"",0,0,2018-11-06T00:29:11,2018-11-06T14:58:05,85554,0,8/10/2018 1:38:03 AM,94150217,7204042,65732,treasure-data.com,59ec6c68-33f0-435a-bca8-04404c5c2d65,1541545120
c55e2345-8de1-e811-a2d2-1402ec94baa0,25963,25117FB9-4852-4136-900F-2311B2A1EA4F,scott_test_open,"",0,0,2018-11-06T00:29:11,2018-11-06T14:58:05,82345,0,7/12/2018 6:20:08 PM,93751557,7204042,65884,treasure-data.com,f7a4cfae-343c-4f6e-bf1b-72ab9a6363cf,1541545120
c55e2345-8de1-e811-a2d2-1402ec94baa0,25963,25117FB9-4852-4136-900F-2311B2A1EA4F,scott_test_open,"",0,0,2018-11-06T00:29:11,2018-11-06T14:58:05,82394,0,7/13/2018 9:00:56 AM,93751557,7204042,65884,treasure-data.com,f7a4cfae-343c-4f6e-bf1b-72ab9a6363cf,1541545120
c55e2345-8de1-e811-a2d2-1402ec94baa0,25963,25117FB9-4852-4136-900F-2311B2A1EA4F,scott_test_open,"",0,0,2018-11-06T00:29:11,2018-11-06T14:58:05,82411,0,7/13/2018 11:50:12 AM,93751557,7204042,65884,treasure-data.com,f7a4cfae-343c-4f6e-bf1b-72ab9a6363cf,1541545120
c55e2345-8de1-e811-a2d2-1402ec94baa0,25963,25117FB9-4852-4136-900F-2311B2A1EA4F,scott_test_open,"",0,0,2018-11-06T00:29:11,2018-11-06T14:58:05,88246,0,9/11/2018 5:48:38 PM,93751557,7204042,65884,treasure-data.com,f7a4cfae-343c-4f6e-bf1b-72ab9a6363cf,1541545120
c55e2345-8de1-e811-a2d2-1402ec94baa0,25963,25117FB9-4852-4136-900F-2311B2A1EA4F,scott_test_open,"",0,0,2018-11-06T00:29:11,2018-11-06T14:58:05,88248,0,9/11/2018 5:52:43 PM,93751557,7204042,65884,treasure-data.com,f7a4cfae-343c-4f6e-bf1b-72ab9a6363cf,1541545120
c55e2345-8de1-e811-a2d2-1402ec94baa0,25963,25117FB9-4852-4136-900F-2311B2A1EA4F,scott_test_open,"",0,0,2018-11-06T00:29:11,2018-11-06T14:58:05,88430,0,9/13/2018 7:56:51 PM,93751557,7204042,65884,treasure-data.com,f7a4cfae-343c-4f6e-bf1b-72ab9a6363cf,1541545120
c55e2345-8de1-e811-a2d2-1402ec94baa0,25963,25117FB9-4852-4136-900F-2311B2A1EA4F,scott_test_open,"",0,0,2018-11-06T00:29:11,2018-11-06T14:58:05,88513,0,9/14/2018 2:27:49 PM,93751557,7204042,65884,treasure-data.com,f7a4cfae-343c-4f6e-bf1b-72ab9a6363cf,1541545120
c55e2345-8de1-e811-a2d2-1402ec94baa0,25963,25117FB9-4852-4136-900F-2311B2A1EA4F,scott_test_open,"",0,0,2018-11-06T00:29:11,2018-11-06T14:58:05,91019,0,10/4/2018 4:02:51 PM,93751557,7204042,65884,treasure-data.com,f7a4cfae-343c-4f6e-bf1b-72ab9a6363cf,1541545120
c55e2345-8de1-e811-a2d2-1402ec94baa0,25963,25117FB9-4852-4136-900F-2311B2A1EA4F,scott_test_open,"",0,0,2018-11-06T00:29:11,2018-11-06T14:58:05,91032,0,10/4/2018 9:50:48 PM,93751557,7204042,65732,treasure-data.com,f7a4cfae-343c-4f6e-bf1b-72ab9a6363cf,1541545120
c55e2345-8de1-e811-a2d2-1402ec94baa0,25963,25117FB9-4852-4136-900F-2311B2A1EA4F,scott_test_open,"",0,0,2018-11-06T00:29:11,2018-11-06T14:58:05,91032,0,10/5/2018 10:03:50 AM,93751557,7204042,65732,treasure-data.com,f7a4cfae-343c-4f6e-bf1b-72ab9a6363cf,1541545120
c55e2345-8de1-e811-a2d2-1402ec94baa0,25963,25117FB9-4852-4136-900F-2311B2A1EA4F,scott_test_open,"",0,0,2018-11-06T00:29:11,2018-11-06T14:58:05,91032,0,10/5/2018 10:09:47 AM,93751557,7204042,65732,treasure-data.com,f7a4cfae-343c-4f6e-bf1b-72ab9a6363cf,1541545120
c55e2345-8de1-e811-a2d2-1402ec94baa0,25963,25117FB9-4852-4136-900F-2311B2A1EA4F,scott_test_open,"",0,0,2018-11-06T00:29:11,2018-11-06T14:58:05,91041,0,10/5/2018 12:35:49 PM,93751557,7204042,65884,treasure-data.com,f7a4cfae-343c-4f6e-bf1b-72ab9a6363cf,1541545120
c55e2345-8de1-e811-a2d2-1402ec94baa0,25963,25117FB9-4852-4136-900F-2311B2A1EA4F,scott_test_open,"",0,0,2018-11-06T00:29:11,2018-11-06T14:58:05,91109,0,10/5/2018 1:36:55 PM,93751557,7204042,65732,treasure-data.com,f7a4cfae-343c-4f6e-bf1b-72ab9a6363cf,1541545120
c55e2345-8de1-e811-a2d2-1402ec94baa0,25963,25117FB9-4852-4136-900F-2311B2A1EA4F,scott_test_open,"",0,0,2018-11-06T00:29:11,2018-11-06T14:58:05,91123,0,10/5/2018 5:14:47 PM,93751557,7204042,65732,treasure-data.com,f7a4cfae-343c-4f6e-bf1b-72ab9a6363cf,1541545120
c55e2345-8de1-e811-a2d2-1402ec94baa0,25963,25117FB9-4852-4136-900F-2311B2A1EA4F,scott_test_open,"",0,0,2018-11-06T00:29:11,2018-11-06T14:58:05,91919,0,10/15/2018 1:02:44 PM,93751557,7204042,65732,treasure-data.com,f7a4cfae-343c-4f6e-bf1b-72ab9a6363cf,1541545120
c55e2345-8de1-e811-a2d2-1402ec94baa0,25963,25117FB9-4852-4136-900F-2311B2A1EA4F,scott_test_open,"",0,0,2018-11-06T00:29:11,2018-11-06T14:58:05,91924,0,10/15/2018 5:31:26 PM,93751557,7204042,65732,treasure-data.com,f7a4cfae-343c-4f6e-bf1b-72ab9a6363cf,1541545120
c55e2345-8de1-e811-a2d2-1402ec94baa0,25963,25117FB9-4852-4136-900F-2311B2A1EA4F,scott_test_open,"",0,0,2018-11-06T00:29:11,2018-11-06T14:58:05,91931,0,10/15/2018 5:31:26 PM,93751557,7204042,65732,treasure-data.com,f7a4cfae-343c-4f6e-bf1b-72ab9a6363cf,1541545120
c55e2345-8de1-e811-a2d2-1402ec94baa0,25963,25117FB9-4852-4136-900F-2311B2A1EA4F,scott_test_open,"",0,0,2018-11-06T00:29:11,2018-11-06T14:58:05,92171,0,10/17/2018 5:41:56 PM,93751557,7204042,65732,treasure-data.com,f7a4cfae-343c-4f6e-bf1b-72ab9a6363cf,1541545120
c55e2345-8de1-e811-a2d2-1402ec94baa0,25963,25117FB9-4852-4136-900F-2311B2A1EA4F,scott_test_open,"",0,0,2018-11-06T00:29:11,2018-11-06T14:58:05,93410,0,10/30/2018 3:17:35 PM,93751557,7204042,65732,treasure-data.com,f7a4cfae-343c-4f6e-bf1b-72ab9a6363cf,1541545120
c55e2345-8de1-e811-a2d2-1402ec94baa0,25963,25117FB9-4852-4136-900F-2311B2A1EA4F,scott_test_open,"",0,0,2018-11-06T00:29:11,2018-11-06T14:58:05,93985,0,11/5/2018 4:54:47 PM,99495897,7204042,71430,treasure-data.com,f7a4cfae-343c-4f6e-bf1b-72ab9a6363ct,1541545120
c55e2345-8de1-e811-a2d2-1402ec94baa0,25963,25117FB9-4852-4136-900F-2311B2A1EA4F,scott_test_open,"",0,0,2018-11-06T00:29:11,2018-11-06T14:58:05,93986,0,11/5/2018 5:02:51 PM,99495897,7204042,71430,treasure-data.com,f7a4cfae-343c-4f6e-bf1b-72ab9a6363ct,1541545120
c55e2345-8de1-e811-a2d2-1402ec94baa0,25963,25117FB9-4852-4136-900F-2311B2A1EA4F,scott_test_open,"",0,0,2018-11-06T00:29:11,2018-11-06T14:58:05,93988,0,11/5/2018 6:03:25 PM,99495897,7204042,71430,treasure-data.com,f7a4cfae-343c-4f6e-bf1b-72ab9a6363ct,1541545120
c55e2345-8de1-e811-a2d2-1402ec94baa0,25963,25117FB9-4852-4136-900F-2311B2A1EA4F,scott_test_open,"",0,0,2018-11-06T00:29:11,2018-11-06T14:58:05,93990,0,11/5/2018 11:02:59 PM,99495897,7204042,71430,treasure-data.com,f7a4cfae-343c-4f6e-bf1b-72ab9a6363ct,1541545120
c55e2345-8de1-e811-a2d2-1402ec94baa0,25963,25117FB9-4852-4136-900F-2311B2A1EA4F,scott_test_open,"",0,0,2018-11-06T00:29:11,2018-11-06T14:58:05,93993,0,11/5/2018 11:02:59 PM,99495897,7204042,71430,treasure-data.com,f7a4cfae-343c-4f6e-bf1b-72ab9a6363ct,1541545120
c55e2345-8de1-e811-a2d2-1402ec94baa0,25963,25117FB9-4852-4136-900F-2311B2A1EA4F,scott_test_open,"",0,0,2018-11-06T00:29:11,2018-11-06T14:58:05,93995,0,11/5/2018 11:02:59 PM,99495897,7204042,71430,treasure-data.com,f7a4cfae-343c-4f6e-bf1b-72ab9a6363ct,1541545120
c55e2345-8de1-e811-a2d2-1402ec94baa0,25963,25117FB9-4852-4136-900F-2311B2A1EA4F,scott_test_open,"",0,0,2018-11-06T00:29:11,2018-11-06T14:58:05,93997,0,11/5/2018 11:02:59 PM,99495897,7204042,71430,treasure-data.com,f7a4cfae-343c-4f6e-bf1b-72ab9a6363ct,1541545120
c55e2345-8de1-e811-a2d2-1402ec94baa0,25963,25117FB9-4852-4136-900F-2311B2A1EA4F,scott_test_open,"",0,0,2018-11-06T00:29:11,2018-11-06T14:58:05,93999,0,11/5/2018 11:02:59 PM,99495897,7204042,71430,treasure-data.com,f7a4cfae-343c-4f6e-bf1b-72ab9a6363ct,1541545120
c55e2345-8de1-e811-a2d2-1402ec94baa0,25963,25117FB9-4852-4136-900F-2311B2A1EA4F,scott_test_open,"",0,0,2018-11-06T00:29:11,2018-11-06T14:58:05,91205,0,10/7/2018 12:04:33 AM,99113098,7204042,65884,treasure-data.com,ffeca1ff-8c89-4b10-83c6-259c06fadf78,1541545120
c55e2345-8de1-e811-a2d2-1402ec94baa0,25963,25117FB9-4852-4136-900F-2311B2A1EA4F,scott_test_open,"",0,0,2018-11-06T00:29:11,2018-11-06T14:58:05,91205,0,10/7/2018 12:04:37 AM,99113098,7204042,65884,treasure-data.com,ffeca1ff-8c89-4b10-83c6-259c06fadf78,1541545120
c55e2345-8de1-e811-a2d2-1402ec94baa0,25963,25117FB9-4852-4136-900F-2311B2A1EA4F,scott_test_open,"",0,0,2018-11-06T00:29:11,2018-11-06T14:58:05,91205,0,10/7/2018 12:09:01 AM,99113098,7204042,65884,treasure-data.com,ffeca1ff-8c89-4b10-83c6-259c06fadf78,1541545120
c55e2345-8de1-e811-a2d2-1402ec94baa0,25963,25117FB9-4852-4136-900F-2311B2A1EA4F,scott_test_open,"",0,0,2018-11-06T00:29:11,2018-11-06T14:58:05,91205,0,10/7/2018 6:29:36 AM,99113098,7204042,65884,treasure-data.com,ffeca1ff-8c89-4b10-83c6-259c06fadf78,1541545120
c55e2345-8de1-e811-a2d2-1402ec94baa0,25963,25117FB9-4852-4136-900F-2311B2A1EA4F,scott_test_open,"",0,0,2018-11-06T00:29:11,2018-11-06T14:58:05,91205,0,10/7/2018 7:19:15 AM,99113098,7204042,65884,treasure-data.com,ffeca1ff-8c89-4b10-83c6-259c06fadf78,1541545120
c55e2345-8de1-e811-a2d2-1402ec94baa0,25963,25117FB9-4852-4136-900F-2311B2A1EA4F,scott_test_open,"",0,0,2018-11-06T00:29:11,2018-11-06T14:58:05,80382,0,6/15/2018 12:20:35 PM,90397760,7204042,65213,treasure-data.com,take2-1,1541545120
c55e2345-8de1-e811-a2d2-1402ec94baa0,25963,25117FB9-4852-4136-900F-2311B2A1EA4F,scott_test_open,"",0,0,2018-11-06T00:29:11,2018-11-06T14:58:05,81338,0,6/28/2018 5:01:38 PM,90397760,7204042,65213,treasure-data.com,take2-1,1541545120
c55e2345-8de1-e811-a2d2-1402ec94baa0,25963,25117FB9-4852-4136-900F-2311B2A1EA4F,scott_test_open,"",0,0,2018-11-06T00:29:11,2018-11-06T14:58:05,91041,0,10/5/2018 12:35:49 PM,99113045,7204042,65884,treasure-data.com,5c5f2906-d13b-4e6d-998a-de0b80483d91,1541545120
c55e2345-8de1-e811-a2d2-1402ec94baa0,25963,25117FB9-4852-4136-900F-2311B2A1EA4F,scott_test_open,"",0,0,2018-11-06T00:29:11,2018-11-06T14:58:05,91205,0,10/7/2018 10:04:52 AM,99113045,7204042,65884,treasure-data.com,5c5f2906-d13b-4e6d-998a-de0b80483d91,1541545120
c55e2345-8de1-e811-a2d2-1402ec94baa0,25963,25117FB9-4852-4136-900F-2311B2A1EA4F,scott_test_open,"",0,0,2018-11-06T00:29:11,2018-11-06T14:58:05,85548,0,8/9/2018 9:38:44 PM,94885589,7204042,65732,gmail.com,5d62894d-8d6e-4770-b72e-9f93f8c4a6d9,1541545120
c55e2345-8de1-e811-a2d2-1402ec94baa0,25963,25117FB9-4852-4136-900F-2311B2A1EA4F,scott_test_open,"",0,0,2018-11-06T00:29:11,2018-11-06T14:58:05,85601,0,8/10/2018 12:48:04 PM,94885589,7204042,65732,gmail.com,5d62894d-8d6e-4770-b72e-9f93f8c4a6d9,1541545120
c55e2345-8de1-e811-a2d2-1402ec94baa0,25963,25117FB9-4852-4136-900F-2311B2A1EA4F,scott_test_open,"",0,0,2018-11-06T00:29:11,2018-11-06T14:58:05,88225,0,9/11/2018 2:01:06 PM,94885589,7204042,65732,gmail.com,5d62894d-8d6e-4770-b72e-9f93f8c4a6d9,1541545120
c55e2345-8de1-e811-a2d2-1402ec94baa0,25963,25117FB9-4852-4136-900F-2311B2A1EA4F,scott_test_open,"",0,0,2018-11-06T00:29:11,2018-11-06T14:58:05,88225,0,9/11/2018 2:01:25 PM,94885589,7204042,65732,gmail.com,5d62894d-8d6e-4770-b72e-9f93f8c4a6d9,1541545120
c55e2345-8de1-e811-a2d2-1402ec94baa0,25963,25117FB9-4852-4136-900F-2311B2A1EA4F,scott_test_open,"",0,0,2018-11-06T00:29:11,2018-11-06T14:58:05,88245,0,9/11/2018 5:13:08 PM,94885589,7204042,65732,gmail.com,5d62894d-8d6e-4770-b72e-9f93f8c4a6d9,1541545120
c55e2345-8de1-e811-a2d2-1402ec94baa0,25963,25117FB9-4852-4136-900F-2311B2A1EA4F,scott_test_open,"",0,0,2018-11-06T00:29:11,2018-11-06T14:58:05,88312,0,9/13/2018 3:31:34 PM,94885589,7204042,65732,gmail.com,5d62894d-8d6e-4770-b72e-9f93f8c4a6d9,1541545120
c55e2345-8de1-e811-a2d2-1402ec94baa0,25963,25117FB9-4852-4136-900F-2311B2A1EA4F,scott_test_open,"",0,0,2018-11-06T00:29:11,2018-11-06T14:58:05,88245,0,9/13/2018 3:31:36 PM,94885589,7204042,65732,gmail.com,5d62894d-8d6e-4770-b72e-9f93f8c4a6d9,1541545120
c55e2345-8de1-e811-a2d2-1402ec94baa0,25963,25117FB9-4852-4136-900F-2311B2A1EA4F,scott_test_open,"",0,0,2018-11-06T00:29:11,2018-11-06T14:58:05,91032,0,10/4/2018 10:25:27 PM,94885589,7204042,65732,gmail.com,5d62894d-8d6e-4770-b72e-9f93f8c4a6d9,1541545120
c55e2345-8de1-e811-a2d2-1402ec94baa0,25963,25117FB9-4852-4136-900F-2311B2A1EA4F,scott_test_open,"",0,0,2018-11-06T00:29:11,2018-11-06T14:58:05,91109,0,10/5/2018 2:19:47 PM,94885589,7204042,65732,gmail.com,5d62894d-8d6e-4770-b72e-9f93f8c4a6d9,1541545120
c55e2345-8de1-e811-a2d2-1402ec94baa0,25963,25117FB9-4852-4136-900F-2311B2A1EA4F,scott_test_open,"",0,0,2018-11-06T00:29:11,2018-11-06T14:58:05,92171,0,10/18/2018 1:58:54 PM,94885589,7204042,65732,gmail.com,5d62894d-8d6e-4770-b72e-9f93f8c4a6d9,1541545120
c55e2345-8de1-e811-a2d2-1402ec94baa0,25963,25117FB9-4852-4136-900F-2311B2A1EA4F,scott_test_open,"",0,0,2018-11-06T00:29:11,2018-11-06T14:58:05,93410,0,10/30/2018 3:18:48 PM,94885589,7204042,65732,gmail.com,5d62894d-8d6e-4770-b72e-9f93f8c4a6d9,1541545120
c55e2345-8de1-e811-a2d2-1402ec94baa0,25963,25117FB9-4852-4136-900F-2311B2A1EA4F,scott_test_open,"",0,0,2018-11-06T00:29:11,2018-11-06T14:58:05,93410,0,10/30/2018 3:18:51 PM,94885589,7204042,65732,gmail.com,5d62894d-8d6e-4770-b72e-9f93f8c4a6d9,1541545120
c55e2345-8de1-e811-a2d2-1402ec94baa0,25963,25117FB9-4852-4136-900F-2311B2A1EA4F,scott_test_open,"",0,0,2018-11-06T00:29:11,2018-11-06T14:58:05,91019,0,10/4/2018 4:02:51 PM,99113046,7204042,65884,treasure-data.com,67fca633-1b6a-4e20-bf98-8fc62fccfa78,1541545120
c55e2345-8de1-e811-a2d2-1402ec94baa0,25963,25117FB9-4852-4136-900F-2311B2A1EA4F,scott_test_open,"",0,0,2018-11-06T00:29:11,2018-11-06T14:58:05,91019,0,10/4/2018 4:03:06 PM,99113046,7204042,65884,treasure-data.com,67fca633-1b6a-4e20-bf98-8fc62fccfa78,1541545120
c55e2345-8de1-e811-a2d2-1402ec94baa0,25963,25117FB9-4852-4136-900F-2311B2A1EA4F,scott_test_open,"",0,0,2018-11-06T00:29:11,2018-11-06T14:58:05,91019,0,10/4/2018 4:03:07 PM,99113046,7204042,65884,treasure-data.com,67fca633-1b6a-4e20-bf98-8fc62fccfa78,1541545120
c55e2345-8de1-e811-a2d2-1402ec94baa0,25963,25117FB9-4852-4136-900F-2311B2A1EA4F,scott_test_open,"",0,0,2018-11-06T00:29:11,2018-11-06T14:58:05,91019,0,10/4/2018 4:03:07 PM,99113046,7204042,65884,treasure-data.com,67fca633-1b6a-4e20-bf98-8fc62fccfa78,1541545120
c55e2345-8de1-e811-a2d2-1402ec94baa0,25963,25117FB9-4852-4136-900F-2311B2A1EA4F,scott_test_open,"",0,0,2018-11-06T00:29:11,2018-11-06T14:58:05,91019,0,10/4/2018 4:03:07 PM,99113046,7204042,65884,treasure-data.com,67fca633-1b6a-4e20-bf98-8fc62fccfa78,1541545120
c55e2345-8de1-e811-a2d2-1402ec94baa0,25963,25117FB9-4852-4136-900F-2311B2A1EA4F,scott_test_open,"",0,0,2018-11-06T00:29:11,2018-11-06T14:58:05,91019,0,10/4/2018 4:03:10 PM,99113046,7204042,65884,treasure-data.com,67fca633-1b6a-4e20-bf98-8fc62fccfa78,1541545120
c55e2345-8de1-e811-a2d2-1402ec94baa0,25963,25117FB9-4852-4136-900F-2311B2A1EA4F,scott_test_open,"",0,0,2018-11-06T00:29:11,2018-11-06T14:58:05,91019,0,10/4/2018 4:03:11 PM,99113046,7204042,65884,treasure-data.com,67fca633-1b6a-4e20-bf98-8fc62fccfa78,1541545120
c55e2345-8de1-e811-a2d2-1402ec94baa0,25963,25117FB9-4852-4136-900F-2311B2A1EA4F,scott_test_open,"",0,0,2018-11-06T00:29:11,2018-11-06T14:58:05,91019,0,10/4/2018 4:03:13 PM,99113046,7204042,65884,treasure-data.com,67fca633-1b6a-4e20-bf98-8fc62fccfa78,1541545120
c55e2345-8de1-e811-a2d2-1402ec94baa0,25963,25117FB9-4852-4136-900F-2311B2A1EA4F,scott_test_open,"",0,0,2018-11-06T00:29:11,2018-11-06T14:58:05,91019,0,10/4/2018 4:03:13 PM,99113046,7204042,65884,treasure-data.com,67fca633-1b6a-4e20-bf98-8fc62fccfa78,1541545120
c55e2345-8de1-e811-a2d2-1402ec94baa0,25963,25117FB9-4852-4136-900F-2311B2A1EA4F,scott_test_open,"",0,0,2018-11-06T00:29:11,2018-11-06T14:58:05,91019,0,10/4/2018 4:03:50 PM,99113046,7204042,65884,treasure-data.com,67fca633-1b6a-4e20-bf98-8fc62fccfa78,1541545120
c55e2345-8de1-e811-a2d2-1402ec94baa0,25963,25117FB9-4852-4136-900F-2311B2A1EA4F,scott_test_open,"",0,0,2018-11-06T00:29:11,2018-11-06T14:58:05,91019,0,10/4/2018 4:19:11 PM,99113046,7204042,65884,treasure-data.com,67fca633-1b6a-4e20-bf98-8fc62fccfa78,1541545120
c55e2345-8de1-e811-a2d2-1402ec94baa0,25963,25117FB9-4852-4136-900F-2311B2A1EA4F,scott_test_open,"",0,0,2018-11-06T00:29:11,2018-11-06T14:58:05,91019,0,10/4/2018 4:19:14 PM,99113046,7204042,65884,treasure-data.com,67fca633-1b6a-4e20-bf98-8fc62fccfa78,1541545120
c55e2345-8de1-e811-a2d2-1402ec94baa0,25963,25117FB9-4852-4136-900F-2311B2A1EA4F,scott_test_open,"",0,0,2018-11-06T00:29:11,2018-11-06T14:58:05,91041,0,10/5/2018 12:04:16 AM,99113046,7204042,65884,treasure-data.com,67fca633-1b6a-4e20-bf98-8fc62fccfa78,1541545120
c55e2345-8de1-e811-a2d2-1402ec94baa0,25963,25117FB9-4852-4136-900F-2311B2A1EA4F,scott_test_open,"",0,0,2018-11-06T00:29:11,2018-11-06T14:58:05,91041,0,10/5/2018 12:35:49 PM,99113046,7204042,65884,treasure-data.com,67fca633-1b6a-4e20-bf98-8fc62fccfa78,1541545120
c55e2345-8de1-e811-a2d2-1402ec94baa0,25963,25117FB9-4852-4136-900F-2311B2A1EA4F,scott_test_open,"",0,0,2018-11-06T00:29:11,2018-11-06T14:58:05,91019,0,10/4/2018 4:28:51 PM,99113049,7204042,65884,gmail.com,6a2846d5-a981-4ea8-be34-eeb1f42e45fe,1541545120
c55e2345-8de1-e811-a2d2-1402ec94baa0,25963,25117FB9-4852-4136-900F-2311B2A1EA4F,scott_test_open,"",0,0,2018-11-06T00:29:11,2018-11-06T14:58:05,91041,0,10/5/2018 12:35:56 AM,99113049,7204042,65884,gmail.com,6a2846d5-a981-4ea8-be34-eeb1f42e45fe,1541545120
c55e2345-8de1-e811-a2d2-1402ec94baa0,25963,25117FB9-4852-4136-900F-2311B2A1EA4F,scott_test_open,"",0,0,2018-11-06T00:29:11,2018-11-06T14:58:05,91205,0,10/7/2018 12:10:53 AM,99113049,7204042,65884,gmail.com,6a2846d5-a981-4ea8-be34-eeb1f42e45fe,1541545120
c55e2345-8de1-e811-a2d2-1402ec94baa0,25963,25117FB9-4852-4136-900F-2311B2A1EA4F,scott_test_open,"",0,0,2018-11-06T00:29:11,2018-11-06T14:58:05,91269,0,10/8/2018 3:06:05 AM,99113049,7204042,65884,gmail.com,6a2846d5-a981-4ea8-be34-eeb1f42e45fe,1541545120
c55e2345-8de1-e811-a2d2-1402ec94baa0,25963,25117FB9-4852-4136-900F-2311B2A1EA4F,scott_test_open,"",0,0,2018-11-06T00:29:11,2018-11-06T14:58:05,82025,0,7/7/2018 9:22:59 AM,93735037,7204042,65732,gmail.com,7a07611a-ba05-4b2c-b063-0d24e4103dc3,1541545120
c55e2345-8de1-e811-a2d2-1402ec94baa0,25963,25117FB9-4852-4136-900F-2311B2A1EA4F,scott_test_open,"",0,0,2018-11-06T00:29:11,2018-11-06T14:58:05,82025,0,7/7/2018 9:22:59 AM,93735037,7204042,65732,gmail.com,7a07611a-ba05-4b2c-b063-0d24e4103dc3,1541545120
c55e2345-8de1-e811-a2d2-1402ec94baa0,25963,25117FB9-4852-4136-900F-2311B2A1EA4F,scott_test_open,"",0,0,2018-11-06T00:29:11,2018-11-06T14:58:05,82025,0,7/7/2018 9:23:01 AM,93735037,7204042,65732,gmail.com,7a07611a-ba05-4b2c-b063-0d24e4103dc3,1541545120
c55e2345-8de1-e811-a2d2-1402ec94baa0,25963,25117FB9-4852-4136-900F-2311B2A1EA4F,scott_test_open,"",0,0,2018-11-06T00:29:11,2018-11-06T14:58:05,82025,0,7/7/2018 9:25:39 AM,93735037,7204042,65732,gmail.com,7a07611a-ba05-4b2c-b063-0d24e4103dc3,1541545120
c55e2345-8de1-e811-a2d2-1402ec94baa0,25963,25117FB9-4852-4136-900F-2311B2A1EA4F,scott_test_open,"",0,0,2018-11-06T00:29:11,2018-11-06T14:58:05,82025,0,7/7/2018 9:25:48 AM,93735037,7204042,65732,gmail.com,7a07611a-ba05-4b2c-b063-0d24e4103dc3,1541545120
c55e2345-8de1-e811-a2d2-1402ec94baa0,25963,25117FB9-4852-4136-900F-2311B2A1EA4F,scott_test_open,"",0,0,2018-11-06T00:29:11,2018-11-06T14:58:05,82026,0,7/7/2018 9:25:49 AM,93735037,7204042,65732,gmail.com,7a07611a-ba05-4b2c-b063-0d24e4103dc3,1541545120
c55e2345-8de1-e811-a2d2-1402ec94baa0,25963,25117FB9-4852-4136-900F-2311B2A1EA4F,scott_test_open,"",0,0,2018-11-06T00:29:11,2018-11-06T14:58:05,82026,0,7/7/2018 11:27:34 AM,93735037,7204042,65732,gmail.com,7a07611a-ba05-4b2c-b063-0d24e4103dc3,1541545120
c55e2345-8de1-e811-a2d2-1402ec94baa0,25963,25117FB9-4852-4136-900F-2311B2A1EA4F,scott_test_open,"",0,0,2018-11-06T00:29:11,2018-11-06T14:58:05,82135,0,7/9/2018 11:25:50 AM,93735037,7204042,65732,gmail.com,7a07611a-ba05-4b2c-b063-0d24e4103dc3,1541545120
c55e2345-8de1-e811-a2d2-1402ec94baa0,25963,25117FB9-4852-4136-900F-2311B2A1EA4F,scott_test_open,"",0,0,2018-11-06T00:29:11,2018-11-06T14:58:05,82135,0,7/9/2018 11:25:51 AM,93735037,7204042,65732,gmail.com,7a07611a-ba05-4b2c-b063-0d24e4103dc3,1541545120
c55e2345-8de1-e811-a2d2-1402ec94baa0,25963,25117FB9-4852-4136-900F-2311B2A1EA4F,scott_test_open,"",0,0,2018-11-06T00:29:11,2018-11-06T14:58:05,82135,0,7/9/2018 11:26:29 AM,93735037,7204042,65732,gmail.com,7a07611a-ba05-4b2c-b063-0d24e4103dc3,1541545120
c55e2345-8de1-e811-a2d2-1402ec94baa0,25963,25117FB9-4852-4136-900F-2311B2A1EA4F,scott_test_open,"",0,0,2018-11-06T00:29:11,2018-11-06T14:58:05,82135,0,7/9/2018 11:26:55 AM,93735037,7204042,65732,gmail.com,7a07611a-ba05-4b2c-b063-0d24e4103dc3,1541545120
c55e2345-8de1-e811-a2d2-1402ec94baa0,25963,25117FB9-4852-4136-900F-2311B2A1EA4F,scott_test_open,"",0,0,2018-11-06T00:29:11,2018-11-06T14:58:05,82146,0,7/9/2018 2:53:50 PM,93735037,7204042,65732,gmail.com,7a07611a-ba05-4b2c-b063-0d24e4103dc3,1541545120
c55e2345-8de1-e811-a2d2-1402ec94baa0,25963,25117FB9-4852-4136-900F-2311B2A1EA4F,scott_test_open,"",0,0,2018-11-06T00:29:11,2018-11-06T14:58:05,82146,0,7/9/2018 2:53:52 PM,93735037,7204042,65732,gmail.com,7a07611a-ba05-4b2c-b063-0d24e4103dc3,1541545120
c55e2345-8de1-e811-a2d2-1402ec94baa0,25963,25117FB9-4852-4136-900F-2311B2A1EA4F,scott_test_open,"",0,0,2018-11-06T00:29:11,2018-11-06T14:58:05,82135,0,7/9/2018 2:53:53 PM,93735037,7204042,65732,gmail.com,7a07611a-ba05-4b2c-b063-0d24e4103dc3,1541545120
c55e2345-8de1-e811-a2d2-1402ec94baa0,25963,25117FB9-4852-4136-900F-2311B2A1EA4F,scott_test_open,"",0,0,2018-11-06T00:29:11,2018-11-06T14:58:05,82146,0,7/9/2018 2:53:53 PM,93735037,7204042,65732,gmail.com,7a07611a-ba05-4b2c-b063-0d24e4103dc3,1541545120
c55e2345-8de1-e811-a2d2-1402ec94baa0,25963,25117FB9-4852-4136-900F-2311B2A1EA4F,scott_test_open,"",0,0,2018-11-06T00:29:11,2018-11-06T14:58:05,82146,0,7/9/2018 2:53:54 PM,93735037,7204042,65732,gmail.com,7a07611a-ba05-4b2c-b063-0d24e4103dc3,1541545120
c55e2345-8de1-e811-a2d2-1402ec94baa0,25963,25117FB9-4852-4136-900F-2311B2A1EA4F,scott_test_open,"",0,0,2018-11-06T00:29:11,2018-11-06T14:58:05,82146,0,7/9/2018 2:53:59 PM,93735037,7204042,65732,gmail.com,7a07611a-ba05-4b2c-b063-0d24e4103dc3,1541545120
c55e2345-8de1-e811-a2d2-1402ec94baa0,25963,25117FB9-4852-4136-900F-2311B2A1EA4F,scott_test_open,"",0,0,2018-11-06T00:29:11,2018-11-06T14:58:05,83949,0,7/19/2018 7:35:53 PM,93735037,7204042,65732,gmail.com,7a07611a-ba05-4b2c-b063-0d24e4103dc3,1541545120
c55e2345-8de1-e811-a2d2-1402ec94baa0,25963,25117FB9-4852-4136-900F-2311B2A1EA4F,scott_test_open,"",0,0,2018-11-06T00:29:11,2018-11-06T14:58:05,83949,0,7/19/2018 7:35:56 PM,93735037,7204042,65732,gmail.com,7a07611a-ba05-4b2c-b063-0d24e4103dc3,1541545120
c55e2345-8de1-e811-a2d2-1402ec94baa0,25963,25117FB9-4852-4136-900F-2311B2A1EA4F,scott_test_open,"",0,0,2018-11-06T00:29:11,2018-11-06T14:58:05,83949,0,7/19/2018 7:44:08 PM,93735037,7204042,65732,gmail.com,7a07611a-ba05-4b2c-b063-0d24e4103dc3,1541545120
c55e2345-8de1-e811-a2d2-1402ec94baa0,25963,25117FB9-4852-4136-900F-2311B2A1EA4F,scott_test_open,"",0,0,2018-11-06T00:29:11,2018-11-06T14:58:05,83949,0,7/19/2018 8:17:20 PM,93735037,7204042,65732,gmail.com,7a07611a-ba05-4b2c-b063-0d24e4103dc3,1541545120
c55e2345-8de1-e811-a2d2-1402ec94baa0,25963,25117FB9-4852-4136-900F-2311B2A1EA4F,scott_test_open,"",0,0,2018-11-06T00:29:11,2018-11-06T14:58:05,83949,0,7/19/2018 8:18:40 PM,93735037,7204042,65732,gmail.com,7a07611a-ba05-4b2c-b063-0d24e4103dc3,1541545120
c55e2345-8de1-e811-a2d2-1402ec94baa0,25963,25117FB9-4852-4136-900F-2311B2A1EA4F,scott_test_open,"",0,0,2018-11-06T00:29:11,2018-11-06T14:58:05,83949,0,7/19/2018 8:23:35 PM,93735037,7204042,65732,gmail.com,7a07611a-ba05-4b2c-b063-0d24e4103dc3,1541545120
c55e2345-8de1-e811-a2d2-1402ec94baa0,25963,25117FB9-4852-4136-900F-2311B2A1EA4F,scott_test_open,"",0,0,2018-11-06T00:29:11,2018-11-06T14:58:05,83951,0,7/19/2018 8:23:46 PM,93735037,7204042,65732,gmail.com,7a07611a-ba05-4b2c-b063-0d24e4103dc3,1541545120
c55e2345-8de1-e811-a2d2-1402ec94baa0,25963,25117FB9-4852-4136-900F-2311B2A1EA4F,scott_test_open,"",0,0,2018-11-06T00:29:11,2018-11-06T14:58:05,83949,0,7/20/2018 10:35:40 AM,93735037,7204042,65732,gmail.com,7a07611a-ba05-4b2c-b063-0d24e4103dc3,1541545120
c55e2345-8de1-e811-a2d2-1402ec94baa0,25963,25117FB9-4852-4136-900F-2311B2A1EA4F,scott_test_open,"",0,0,2018-11-06T00:29:11,2018-11-06T14:58:05,83949,0,7/20/2018 11:02:53 AM,93735037,7204042,65732,gmail.com,7a07611a-ba05-4b2c-b063-0d24e4103dc3,1541545120
c55e2345-8de1-e811-a2d2-1402ec94baa0,25963,25117FB9-4852-4136-900F-2311B2A1EA4F,scott_test_open,"",0,0,2018-11-06T00:29:11,2018-11-06T14:58:05,84001,0,7/20/2018 12:49:29 PM,93735037,7204042,65732,gmail.com,7a07611a-ba05-4b2c-b063-0d24e4103dc3,1541545120
c55e2345-8de1-e811-a2d2-1402ec94baa0,25963,25117FB9-4852-4136-900F-2311B2A1EA4F,scott_test_open,"",0,0,2018-11-06T00:29:11,2018-11-06T14:58:05,84227,0,7/24/2018 2:20:11 PM,93735037,7204042,65732,gmail.com,7a07611a-ba05-4b2c-b063-0d24e4103dc3,1541545120
c55e2345-8de1-e811-a2d2-1402ec94baa0,25963,25117FB9-4852-4136-900F-2311B2A1EA4F,scott_test_open,"",0,0,2018-11-06T00:29:11,2018-11-06T14:58:05,84227,0,7/24/2018 2:20:18 PM,93735037,7204042,65732,gmail.com,7a07611a-ba05-4b2c-b063-0d24e4103dc3,1541545120
c55e2345-8de1-e811-a2d2-1402ec94baa0,25963,25117FB9-4852-4136-900F-2311B2A1EA4F,scott_test_open,"",0,0,2018-11-06T00:29:11,2018-11-06T14:58:05,85548,0,8/9/2018 6:04:13 PM,93735037,7204042,65732,gmail.com,7a07611a-ba05-4b2c-b063-0d24e4103dc3,1541545120
c55e2345-8de1-e811-a2d2-1402ec94baa0,25963,25117FB9-4852-4136-900F-2311B2A1EA4F,scott_test_open,"",0,0,2018-11-06T00:29:11,2018-11-06T14:58:05,85548,0,8/9/2018 6:28:18 PM,93735037,7204042,65732,gmail.com,7a07611a-ba05-4b2c-b063-0d24e4103dc3,1541545120
c55e2345-8de1-e811-a2d2-1402ec94baa0,25963,25117FB9-4852-4136-900F-2311B2A1EA4F,scott_test_open,"",0,0,2018-11-06T00:29:11,2018-11-06T14:58:05,85554,0,8/9/2018 10:34:39 PM,93735037,7204042,65732,gmail.com,7a07611a-ba05-4b2c-b063-0d24e4103dc3,1541545120
c55e2345-8de1-e811-a2d2-1402ec94baa0,25963,25117FB9-4852-4136-900F-2311B2A1EA4F,scott_test_open,"",0,0,2018-11-06T00:29:11,2018-11-06T14:58:05,85601,0,8/10/2018 11:01:51 AM,93735037,7204042,65732,gmail.com,7a07611a-ba05-4b2c-b063-0d24e4103dc3,1541545120
c55e2345-8de1-e811-a2d2-1402ec94baa0,25963,25117FB9-4852-4136-900F-2311B2A1EA4F,scott_test_open,"",0,0,2018-11-06T00:29:11,2018-11-06T14:58:05,88225,0,9/11/2018 1:13:53 PM,93735037,7204042,65732,gmail.com,7a07611a-ba05-4b2c-b063-0d24e4103dc3,1541545120
c55e2345-8de1-e811-a2d2-1402ec94baa0,25963,25117FB9-4852-4136-900F-2311B2A1EA4F,scott_test_open,"",0,0,2018-11-06T00:29:11,2018-11-06T14:58:05,88225,0,9/11/2018 1:13:58 PM,93735037,7204042,65732,gmail.com,7a07611a-ba05-4b2c-b063-0d24e4103dc3,1541545120
c55e2345-8de1-e811-a2d2-1402ec94baa0,25963,25117FB9-4852-4136-900F-2311B2A1EA4F,scott_test_open,"",0,0,2018-11-06T00:29:11,2018-11-06T14:58:05,88225,0,9/11/2018 1:14:00 PM,93735037,7204042,65732,gmail.com,7a07611a-ba05-4b2c-b063-0d24e4103dc3,1541545120
c55e2345-8de1-e811-a2d2-1402ec94baa0,25963,25117FB9-4852-4136-900F-2311B2A1EA4F,scott_test_open,"",0,0,2018-11-06T00:29:11,2018-11-06T14:58:05,88225,0,9/11/2018 1:14:02 PM,93735037,7204042,65732,gmail.com,7a07611a-ba05-4b2c-b063-0d24e4103dc3,1541545120
c55e2345-8de1-e811-a2d2-1402ec94baa0,25963,25117FB9-4852-4136-900F-2311B2A1EA4F,scott_test_open,"",0,0,2018-11-06T00:29:11,2018-11-06T14:58:05,88245,0,9/11/2018 5:12:01 PM,93735037,7204042,65732,gmail.com,7a07611a-ba05-4b2c-b063-0d24e4103dc3,1541545120
c55e2345-8de1-e811-a2d2-1402ec94baa0,25963,25117FB9-4852-4136-900F-2311B2A1EA4F,scott_test_open,"",0,0,2018-11-06T00:29:11,2018-11-06T14:58:05,88245,0,9/11/2018 5:12:01 PM,93735037,7204042,65732,gmail.com,7a07611a-ba05-4b2c-b063-0d24e4103dc3,1541545120
c55e2345-8de1-e811-a2d2-1402ec94baa0,25963,25117FB9-4852-4136-900F-2311B2A1EA4F,scott_test_open,"",0,0,2018-11-06T00:29:11,2018-11-06T14:58:05,88245,0,9/11/2018 5:12:01 PM,93735037,7204042,65732,gmail.com,7a07611a-ba05-4b2c-b063-0d24e4103dc3,1541545120
c55e2345-8de1-e811-a2d2-1402ec94baa0,25963,25117FB9-4852-4136-900F-2311B2A1EA4F,scott_test_open,"",0,0,2018-11-06T00:29:11,2018-11-06T14:58:05,88312,0,9/12/2018 8:44:50 AM,93735037,7204042,65732,gmail.com,7a07611a-ba05-4b2c-b063-0d24e4103dc3,1541545120
c55e2345-8de1-e811-a2d2-1402ec94baa0,25963,25117FB9-4852-4136-900F-2311B2A1EA4F,scott_test_open,"",0,0,2018-11-06T00:29:11,2018-11-06T14:58:05,88312,0,9/12/2018 9:41:01 AM,93735037,7204042,65732,gmail.com,7a07611a-ba05-4b2c-b063-0d24e4103dc3,1541545120
c55e2345-8de1-e811-a2d2-1402ec94baa0,25963,25117FB9-4852-4136-900F-2311B2A1EA4F,scott_test_open,"",0,0,2018-11-06T00:29:11,2018-11-06T14:58:05,88312,0,9/12/2018 9:41:02 AM,93735037,7204042,65732,gmail.com,7a07611a-ba05-4b2c-b063-0d24e4103dc3,1541545120
c55e2345-8de1-e811-a2d2-1402ec94baa0,25963,25117FB9-4852-4136-900F-2311B2A1EA4F,scott_test_open,"",0,0,2018-11-06T00:29:11,2018-11-06T14:58:05,88318,0,9/12/2018 10:17:53 AM,93735037,7204042,65732,gmail.com,7a07611a-ba05-4b2c-b063-0d24e4103dc3,1541545120
c55e2345-8de1-e811-a2d2-1402ec94baa0,25963,25117FB9-4852-4136-900F-2311B2A1EA4F,scott_test_open,"",0,0,2018-11-06T00:29:11,2018-11-06T14:58:05,88318,0,9/12/2018 10:18:04 AM,93735037,7204042,65732,gmail.com,7a07611a-ba05-4b2c-b063-0d24e4103dc3,1541545120
c55e2345-8de1-e811-a2d2-1402ec94baa0,25963,25117FB9-4852-4136-900F-2311B2A1EA4F,scott_test_open,"",0,0,2018-11-06T00:29:11,2018-11-06T14:58:05,91032,0,10/4/2018 9:12:54 PM,93735037,7204042,65732,gmail.com,7a07611a-ba05-4b2c-b063-0d24e4103dc3,1541545120
c55e2345-8de1-e811-a2d2-1402ec94baa0,25963,25117FB9-4852-4136-900F-2311B2A1EA4F,scott_test_open,"",0,0,2018-11-06T00:29:11,2018-11-06T14:58:05,91032,0,10/4/2018 9:12:57 PM,93735037,7204042,65732,gmail.com,7a07611a-ba05-4b2c-b063-0d24e4103dc3,1541545120
c55e2345-8de1-e811-a2d2-1402ec94baa0,25963,25117FB9-4852-4136-900F-2311B2A1EA4F,scott_test_open,"",0,0,2018-11-06T00:29:11,2018-11-06T14:58:05,91919,0,10/15/2018 1:01:31 PM,93735037,7204042,65732,gmail.com,7a07611a-ba05-4b2c-b063-0d24e4103dc3,1541545120
c55e2345-8de1-e811-a2d2-1402ec94baa0,25963,25117FB9-4852-4136-900F-2311B2A1EA4F,scott_test_open,"",0,0,2018-11-06T00:29:11,2018-11-06T14:58:05,91919,0,10/15/2018 1:01:34 PM,93735037,7204042,65732,gmail.com,7a07611a-ba05-4b2c-b063-0d24e4103dc3,1541545120
c55e2345-8de1-e811-a2d2-1402ec94baa0,25963,25117FB9-4852-4136-900F-2311B2A1EA4F,scott_test_open,"",0,0,2018-11-06T00:29:11,2018-11-06T14:58:05,91919,0,10/15/2018 1:28:01 PM,93735037,7204042,65732,gmail.com,7a07611a-ba05-4b2c-b063-0d24e4103dc3,1541545120
c55e2345-8de1-e811-a2d2-1402ec94baa0,25963,25117FB9-4852-4136-900F-2311B2A1EA4F,scott_test_open,"",0,0,2018-11-06T00:29:11,2018-11-06T14:58:05,91919,0,10/15/2018 1:28:03 PM,93735037,7204042,65732,gmail.com,7a07611a-ba05-4b2c-b063-0d24e4103dc3,1541545120
c55e2345-8de1-e811-a2d2-1402ec94baa0,25963,25117FB9-4852-4136-900F-2311B2A1EA4F,scott_test_open,"",0,0,2018-11-06T00:29:11,2018-11-06T14:58:05,91919,0,10/15/2018 2:27:11 PM,93735037,7204042,65732,gmail.com,7a07611a-ba05-4b2c-b063-0d24e4103dc3,1541545120
c55e2345-8de1-e811-a2d2-1402ec94baa0,25963,25117FB9-4852-4136-900F-2311B2A1EA4F,scott_test_open,"",0,0,2018-11-06T00:29:11,2018-11-06T14:58:05,91924,0,10/15/2018 2:27:11 PM,93735037,7204042,65732,gmail.com,7a07611a-ba05-4b2c-b063-0d24e4103dc3,1541545120
c55e2345-8de1-e811-a2d2-1402ec94baa0,25963,25117FB9-4852-4136-900F-2311B2A1EA4F,scott_test_open,"",0,0,2018-11-06T00:29:11,2018-11-06T14:58:05,91924,0,10/15/2018 2:27:11 PM,93735037,7204042,65732,gmail.com,7a07611a-ba05-4b2c-b063-0d24e4103dc3,1541545120
c55e2345-8de1-e811-a2d2-1402ec94baa0,25963,25117FB9-4852-4136-900F-2311B2A1EA4F,scott_test_open,"",0,0,2018-11-06T00:29:11,2018-11-06T14:58:05,91924,0,10/15/2018 2:27:11 PM,93735037,7204042,65732,gmail.com,7a07611a-ba05-4b2c-b063-0d24e4103dc3,1541545120
c55e2345-8de1-e811-a2d2-1402ec94baa0,25963,25117FB9-4852-4136-900F-2311B2A1EA4F,scott_test_open,"",0,0,2018-11-06T00:29:11,2018-11-06T14:58:05,91931,0,10/15/2018 5:40:18 PM,93735037,7204042,65732,gmail.com,7a07611a-ba05-4b2c-b063-0d24e4103dc3,1541545120
c55e2345-8de1-e811-a2d2-1402ec94baa0,25963,25117FB9-4852-4136-900F-2311B2A1EA4F,scott_test_open,"",0,0,2018-11-06T00:29:11,2018-11-06T14:58:05,91931,0,10/15/2018 5:40:37 PM,93735037,7204042,65732,gmail.com,7a07611a-ba05-4b2c-b063-0d24e4103dc3,1541545120
c55e2345-8de1-e811-a2d2-1402ec94baa0,25963,25117FB9-4852-4136-900F-2311B2A1EA4F,scott_test_open,"",0,0,2018-11-06T00:29:11,2018-11-06T14:58:05,91931,0,10/15/2018 5:40:38 PM,93735037,7204042,65732,gmail.com,7a07611a-ba05-4b2c-b063-0d24e4103dc3,1541545120
c55e2345-8de1-e811-a2d2-1402ec94baa0,25963,25117FB9-4852-4136-900F-2311B2A1EA4F,scott_test_open,"",0,0,2018-11-06T00:29:11,2018-11-06T14:58:05,91931,0,10/15/2018 5:40:40 PM,93735037,7204042,65732,gmail.com,7a07611a-ba05-4b2c-b063-0d24e4103dc3,1541545120
c55e2345-8de1-e811-a2d2-1402ec94baa0,25963,25117FB9-4852-4136-900F-2311B2A1EA4F,scott_test_open,"",0,0,2018-11-06T00:29:11,2018-11-06T14:58:05,91919,0,10/15/2018 5:40:41 PM,93735037,7204042,65732,gmail.com,7a07611a-ba05-4b2c-b063-0d24e4103dc3,1541545120
c55e2345-8de1-e811-a2d2-1402ec94baa0,25963,25117FB9-4852-4136-900F-2311B2A1EA4F,scott_test_open,"",0,0,2018-11-06T00:29:11,2018-11-06T14:58:05,91931,0,10/15/2018 5:40:41 PM,93735037,7204042,65732,gmail.com,7a07611a-ba05-4b2c-b063-0d24e4103dc3,1541545120
c55e2345-8de1-e811-a2d2-1402ec94baa0,25963,25117FB9-4852-4136-900F-2311B2A1EA4F,scott_test_open,"",0,0,2018-11-06T00:29:11,2018-11-06T14:58:05,92171,0,10/17/2018 6:53:55 PM,93735037,7204042,65732,gmail.com,7a07611a-ba05-4b2c-b063-0d24e4103dc3,1541545120
c55e2345-8de1-e811-a2d2-1402ec94baa0,25963,25117FB9-4852-4136-900F-2311B2A1EA4F,scott_test_open,"",0,0,2018-11-06T00:29:11,2018-11-06T14:58:05,92171,0,10/17/2018 6:57:42 PM,93735037,7204042,65732,gmail.com,7a07611a-ba05-4b2c-b063-0d24e4103dc3,1541545120
c55e2345-8de1-e811-a2d2-1402ec94baa0,25963,25117FB9-4852-4136-900F-2311B2A1EA4F,scott_test_open,"",0,0,2018-11-06T00:29:11,2018-11-06T14:58:05,92171,0,10/17/2018 6:57:44 PM,93735037,7204042,65732,gmail.com,7a07611a-ba05-4b2c-b063-0d24e4103dc3,1541545120
c55e2345-8de1-e811-a2d2-1402ec94baa0,25963,25117FB9-4852-4136-900F-2311B2A1EA4F,scott_test_open,"",0,0,2018-11-06T00:29:11,2018-11-06T14:58:05,93410,0,10/30/2018 5:53:27 PM,93735037,7204042,65732,gmail.com,7a07611a-ba05-4b2c-b063-0d24e4103dc3,1541545120
c55e2345-8de1-e811-a2d2-1402ec94baa0,25963,25117FB9-4852-4136-900F-2311B2A1EA4F,scott_test_open,"",0,0,2018-11-06T00:29:11,2018-11-06T14:58:05,93410,0,10/30/2018 5:53:28 PM,93735037,7204042,65732,gmail.com,7a07611a-ba05-4b2c-b063-0d24e4103dc3,1541545120
c55e2345-8de1-e811-a2d2-1402ec94baa0,25963,25117FB9-4852-4136-900F-2311B2A1EA4F,scott_test_open,"",0,0,2018-11-06T00:29:11,2018-11-06T14:58:05,91019,0,10/4/2018 4:08:16 PM,99113054,7204042,65884,gmail.com,7b55d160-a336-4d1e-ac29-2134c9e66d5e,1541545120
c55e2345-8de1-e811-a2d2-1402ec94baa0,25963,25117FB9-4852-4136-900F-2311B2A1EA4F,scott_test_open,"",0,0,2018-11-06T00:29:11,2018-11-06T14:58:05,91205,0,10/7/2018 12:04:23 AM,99113057,7204042,65884,treasure-data.com,86b60762-ba8c-47eb-ac20-e93252fd40c5,1541545120
c55e2345-8de1-e811-a2d2-1402ec94baa0,25963,25117FB9-4852-4136-900F-2311B2A1EA4F,scott_test_open,"",0,0,2018-11-06T00:29:11,2018-11-06T14:58:05,82026,0,7/7/2018 9:26:26 AM,93735040,7204042,65732,gmail.com,8768750c-c7d4-493e-a9a6-34df64d3e1fd,1541545120
c55e2345-8de1-e811-a2d2-1402ec94baa0,25963,25117FB9-4852-4136-900F-2311B2A1EA4F,scott_test_open,"",0,0,2018-11-06T00:29:11,2018-11-06T14:58:05,82026,0,7/7/2018 9:26:59 AM,93735040,7204042,65732,gmail.com,8768750c-c7d4-493e-a9a6-34df64d3e1fd,1541545120
c55e2345-8de1-e811-a2d2-1402ec94baa0,25963,25117FB9-4852-4136-900F-2311B2A1EA4F,scott_test_open,"",0,0,2018-11-06T00:29:11,2018-11-06T14:58:05,84227,0,7/24/2018 2:20:09 PM,93735040,7204042,65732,gmail.com,8768750c-c7d4-493e-a9a6-34df64d3e1fd,1541545120
c55e2345-8de1-e811-a2d2-1402ec94baa0,25963,25117FB9-4852-4136-900F-2311B2A1EA4F,scott_test_open,"",0,0,2018-11-06T00:29:11,2018-11-06T14:58:05,85601,0,8/10/2018 10:54:59 AM,93735040,7204042,65732,gmail.com,8768750c-c7d4-493e-a9a6-34df64d3e1fd,1541545120
c55e2345-8de1-e811-a2d2-1402ec94baa0,25963,25117FB9-4852-4136-900F-2311B2A1EA4F,scott_test_open,"",0,0,2018-11-06T00:29:11,2018-11-06T14:58:05,88225,0,9/11/2018 1:55:21 PM,93735040,7204042,65732,gmail.com,8768750c-c7d4-493e-a9a6-34df64d3e1fd,1541545120
c55e2345-8de1-e811-a2d2-1402ec94baa0,25963,25117FB9-4852-4136-900F-2311B2A1EA4F,scott_test_open,"",0,0,2018-11-06T00:29:11,2018-11-06T14:58:05,88245,0,9/11/2018 5:12:13 PM,93735040,7204042,65732,gmail.com,8768750c-c7d4-493e-a9a6-34df64d3e1fd,1541545120
c55e2345-8de1-e811-a2d2-1402ec94baa0,25963,25117FB9-4852-4136-900F-2311B2A1EA4F,scott_test_open,"",0,0,2018-11-06T00:29:11,2018-11-06T14:58:05,91032,0,10/4/2018 10:11:08 PM,93735040,7204042,65732,gmail.com,8768750c-c7d4-493e-a9a6-34df64d3e1fd,1541545120
c55e2345-8de1-e811-a2d2-1402ec94baa0,25963,25117FB9-4852-4136-900F-2311B2A1EA4F,scott_test_open,"",0,0,2018-11-06T00:29:11,2018-11-06T14:58:05,91109,0,10/8/2018 6:00:56 PM,93735040,7204042,65732,gmail.com,8768750c-c7d4-493e-a9a6-34df64d3e1fd,1541545120
c55e2345-8de1-e811-a2d2-1402ec94baa0,25963,25117FB9-4852-4136-900F-2311B2A1EA4F,scott_test_open,"",0,0,2018-11-06T00:29:11,2018-11-06T14:58:05,91123,0,10/8/2018 6:00:57 PM,93735040,7204042,65732,gmail.com,8768750c-c7d4-493e-a9a6-34df64d3e1fd,1541545120
c55e2345-8de1-e811-a2d2-1402ec94baa0,25963,25117FB9-4852-4136-900F-2311B2A1EA4F,scott_test_open,"",0,0,2018-11-06T00:29:11,2018-11-06T14:58:05,91924,0,10/15/2018 3:27:30 PM,93735040,7204042,65732,gmail.com,8768750c-c7d4-493e-a9a6-34df64d3e1fd,1541545120
c55e2345-8de1-e811-a2d2-1402ec94baa0,25963,25117FB9-4852-4136-900F-2311B2A1EA4F,scott_test_open,"",0,0,2018-11-06T00:29:11,2018-11-06T14:58:05,91205,0,10/7/2018 12:04:22 AM,99113063,7204042,65884,treasure-data.com,92e613b2-457e-4975-a1e8-98190f3a350a,1541545120
c55e2345-8de1-e811-a2d2-1402ec94baa0,25963,25117FB9-4852-4136-900F-2311B2A1EA4F,scott_test_open,"",0,0,2018-11-06T00:29:11,2018-11-06T14:58:05,91019,0,10/4/2018 4:08:16 PM,99113066,7204042,65884,gmail.com,97d41ca5-1628-4a69-b9ab-0d0377adecfb,1541545120
c55e2345-8de1-e811-a2d2-1402ec94baa0,25963,25117FB9-4852-4136-900F-2311B2A1EA4F,scott_test_open,"",0,0,2018-11-06T00:29:11,2018-11-06T14:58:05,91019,0,10/4/2018 4:08:16 PM,99113066,7204042,65884,gmail.com,97d41ca5-1628-4a69-b9ab-0d0377adecfb,1541545120
c55e2345-8de1-e811-a2d2-1402ec94baa0,25963,25117FB9-4852-4136-900F-2311B2A1EA4F,scott_test_open,"",0,0,2018-11-06T00:29:11,2018-11-06T14:58:05,91205,0,10/7/2018 12:04:22 AM,99113069,7204042,65884,treasure-data.com,a7bcd296-e837-4d72-be50-7c0c215db725,1541545120
c55e2345-8de1-e811-a2d2-1402ec94baa0,25963,25117FB9-4852-4136-900F-2311B2A1EA4F,scott_test_open,"",0,0,2018-11-06T00:29:11,2018-11-06T14:58:05,91205,0,10/7/2018 12:04:22 AM,99113071,7204042,65884,treasure-data.com,ae48862e-d33b-457d-b705-36abfe89c1f4,1541545120
c55e2345-8de1-e811-a2d2-1402ec94baa0,25963,25117FB9-4852-4136-900F-2311B2A1EA4F,scott_test_open,"",0,0,2018-11-06T00:29:11,2018-11-06T14:58:05,82025,0,7/7/2018 9:22:59 AM,93734955,7204042,65732,gmail.com,cl_1,1541545120
c55e2345-8de1-e811-a2d2-1402ec94baa0,25963,25117FB9-4852-4136-900F-2311B2A1EA4F,scott_test_open,"",0,0,2018-11-06T00:29:11,2018-11-06T14:58:05,82025,0,7/7/2018 9:22:59 AM,93734955,7204042,65732,gmail.com,cl_1,1541545120
c55e2345-8de1-e811-a2d2-1402ec94baa0,25963,25117FB9-4852-4136-900F-2311B2A1EA4F,scott_test_open,"",0,0,2018-11-06T00:29:11,2018-11-06T14:58:05,82025,0,7/7/2018 9:23:01 AM,93734955,7204042,65732,gmail.com,cl_1,1541545120
c55e2345-8de1-e811-a2d2-1402ec94baa0,25963,25117FB9-4852-4136-900F-2311B2A1EA4F,scott_test_open,"",0,0,2018-11-06T00:29:11,2018-11-06T14:58:05,82025,0,7/7/2018 9:25:39 AM,93734955,7204042,65732,gmail.com,cl_1,1541545120
c55e2345-8de1-e811-a2d2-1402ec94baa0,25963,25117FB9-4852-4136-900F-2311B2A1EA4F,scott_test_open,"",0,0,2018-11-06T00:29:11,2018-11-06T14:58:05,82025,0,7/7/2018 9:25:48 AM,93734955,7204042,65732,gmail.com,cl_1,1541545120
c55e2345-8de1-e811-a2d2-1402ec94baa0,25963,25117FB9-4852-4136-900F-2311B2A1EA4F,scott_test_open,"",0,0,2018-11-06T00:29:11,2018-11-06T14:58:05,91041,0,10/5/2018 12:36:20 AM,99113077,7204042,65884,treasure-data.com,d58f3f29-25a0-4716-87ac-4cd9e9767ee0,1541545120
c55e2345-8de1-e811-a2d2-1402ec94baa0,25963,25117FB9-4852-4136-900F-2311B2A1EA4F,scott_test_open,"",0,0,2018-11-06T00:29:11,2018-11-06T14:58:05,91041,0,10/5/2018 12:36:23 AM,99113077,7204042,65884,treasure-data.com,d58f3f29-25a0-4716-87ac-4cd9e9767ee0,1541545120
c55e2345-8de1-e811-a2d2-1402ec94baa0,25963,25117FB9-4852-4136-900F-2311B2A1EA4F,scott_test_open,"",0,0,2018-11-06T00:29:11,2018-11-06T14:58:05,91041,0,10/5/2018 12:38:51 AM,99113077,7204042,65884,treasure-data.com,d58f3f29-25a0-4716-87ac-4cd9e9767ee0,1541545120
